address_id,address,match,matchtype,parsed,coordinate,tigerlineid,side,statefp,countyfp,tract,block
"193","131 W 104TH STREET, CHICAGO, IL, 60628","Match","Exact","131 W 104TH ST, CHICAGO, IL, 60628","-87.626423198511,41.705249477086","605524253","L","17","031","491000","4018"
"394","1618 N WELLS STREET, CHICAGO, IL, 60614","Match","Exact","1618 N WELLS ST, CHICAGO, IL, 60614","-87.634809700967,41.911892290885","605838332","R","17","031","071500","1006"
"198","1310-1314 W FILLMORE STREET, CHICAGO, IL, 60607","Match","Non_Exact","1314 W FILLMORE ST, CHICAGO, IL, 60607","-87.659575499336,41.86864344536","111802947","R","17","031","283200","1009"
"112","11041-11051 S HALE AVENUE, CHICAGO, IL, 60643","Match","Non_Exact","11051 S HALE AVE, CHICAGO, IL, 60643","-87.670252087464,41.693180024134","616793906","L","17","031","750200","2014"
"431","1633 N HUDSON AVENUE, CHICAGO, IL, 60614","Match","Exact","1633 N HUDSON AVE, CHICAGO, IL, 60614","-87.639749788699,41.911806006813","605071683","R","17","031","071700","2000"
"278","1431 W FILLMORE STREET, CHICAGO, IL, 60607","Match","Exact","1431 W FILLMORE ST, CHICAGO, IL, 60607","-87.662661324765,41.868474854164","111845842","L","17","031","283100","1005"
"311","1452 W FLOURNOY STREET, CHICAGO, IL, 60607","Match","Exact","1452 W FLOURNOY ST, CHICAGO, IL, 60607","-87.663054100475,41.873389594158","111802751","R","17","031","832900","1007"
"478","1646 N WELLS STREET, CHICAGO, IL, 60614","Match","Exact","1646 N WELLS ST, CHICAGO, IL, 60614","-87.634820919951,41.912168488334","630132034","R","17","031","071500","1005"
"358","1536 W POLK STREET, CHICAGO, IL, 60607","Match","Exact","1536 W POLK ST, CHICAGO, IL, 60607","-87.665013779617,41.871707232439","605275283","R","17","031","832900","1006"
"315","1453-1457 E 53RD STREET, CHICAGO, IL, 60615","Match","Non_Exact","1457 E 53RD ST, CHICAGO, IL, 60615","-87.589949989648,41.799474275381","111771913","R","17","031","410800","1005"
"438","1635 ½ N NORTH PARK AVENUE, CHICAGO, IL, 60614","Match","Non_Exact","1635 1/2 N NORTH PARK AVE, CHICAGO, IL, 60614","-87.636622562863,41.912177753207","618051505","R","17","031","071500","1005"
"162","1214-1218 S LEAVITT STREET, CHICAGO, IL, 60608","Match","Non_Exact","1218 S LEAVITT ST, CHICAGO, IL, 60608","-87.6812036086,41.865966913576","605089821","R","17","031","842900","1016"
"164","122 W EUGENIE STREET, CHICAGO, IL, 60614","Match","Exact","122 W EUGENIE ST, CHICAGO, IL, 60614","-87.633612599684,41.912959055439","111767541","R","17","031","071500","2000"
"1","100 W 104TH PLACE, CHICAGO, IL, 60628","Match","Exact","100 W 104TH PL, CHICAGO, IL, 60628","-87.625899926384,41.704455005884","605524260","R","17","031","491000","4019"
"243","1407 W FLOURNOY STREET, CHICAGO, IL, 60607","Match","Exact","1407 W FLOURNOY ST, CHICAGO, IL, 60607","-87.661906997404,41.873296164172","111802751","L","17","031","832900","1008"
"520","1707 N WELLS STREET, CHICAGO, IL, 60614","Match","Exact","1707 N WELLS ST, CHICAGO, IL, 60614","-87.63469010358,41.9130240699","111767505","R","17","031","071500","2000"
"202","1317 W FILLMORE STREET, CHICAGO, IL, 60607","Match","Exact","1317 W FILLMORE ST, CHICAGO, IL, 60607","-87.65962233029,41.868528853985","111802947","L","17","031","283200","1010"
"522","1707-1709 N NORTH PARK AVENUE, CHICAGO, IL, 60614","Match","Non_Exact","1709 N NORTH PARK AVE, CHICAGO, IL, 60614","-87.636651345512,41.913117518469","111767422","R","17","031","071500","1003"
"209","1327 W FILLMORE STREET, CHICAGO, IL, 60607","Match","Exact","1327 W FILLMORE ST, CHICAGO, IL, 60607","-87.659854524337,41.868525279176","111802947","L","17","031","283200","1010"
"21","1027 S RACINE AVENUE, CHICAGO, IL, 60607","Match","Exact","1027 S RACINE AVE, CHICAGO, IL, 60607","-87.656659094215,41.868785640815","618343609","L","17","031","833300","1025"
"290","1438 W POLK STREET, CHICAGO, IL, 60607","Match","Exact","1438 W POLK ST, CHICAGO, IL, 60607","-87.663246396947,41.871739396883","605105701","R","17","031","832900","1011"
"291","1431-1439 W FLOURNOY STREET, CHICAGO, IL, 60607","Match","Non_Exact","1439 W FLOURNOY ST, CHICAGO, IL, 60607","-87.662276320507,41.873289326564","111802751","L","17","031","832900","1008"
"493","1653 N WELLS STREET, CHICAGO, IL, 60614","Match","Exact","1653 N WELLS ST, CHICAGO, IL, 60614","-87.63467616051,41.912540661552","630132033","L","17","031","071500","5001"
"374","160 W 70TH STREET, CHICAGO, IL, 60621","Match","Exact","160 W 70TH ST, CHICAGO, IL, 60621","-87.629223614984,41.76731750861","605520760","R","17","031","690300","2007"
"331","1500-1506 W JACKSON BOULEVARD, CHICAGO, IL, 60607","Match","Non_Exact","1506 W JACKSON BLVD, CHICAGO, IL, 60607","-87.664532612198,41.877720619779","605275232","R","17","031","833100","2016"
"255","1414 W LEXINGTON STREET, CHICAGO, IL, 60607","Match","Exact","1414 W LEXINGTON ST, CHICAGO, IL, 60607","-87.662144847674,41.872577969828","111802756","R","17","031","832900","1009"
"574","1723 N ST MICHAELS COURT, CHICAGO, IL, 60614","Tie"
"377","1610-1620 N WELLS STREET, CHICAGO, IL, 60614","Match","Non_Exact","1620 N WELLS ST, CHICAGO, IL, 60614","-87.634813991872,41.91196952732","605838332","R","17","031","071500","1006"
"136","1119 W VERNON PARK PLACE, CHICAGO, IL, 60607","Match","Exact","1119 W VERNON PARK PL, CHICAGO, IL, 60607","-87.654908217586,41.872941897938","639819410","L","17","031","833300","1011"
"411","1625 N MOHAWK STREET, CHICAGO, IL, 60614","Match","Exact","1625 N MOHAWK ST, CHICAGO, IL, 60614","-87.642166358039,41.911569760765","605838402","R","17","031","071700","2003"
"456","1639 N WELLS STREET, CHICAGO, IL, 60614","Match","Exact","1639 N WELLS ST, CHICAGO, IL, 60614","-87.634660138091,41.911974260801","605838332","L","17","031","071500","5002"
"215","1337 W HARRISON STREET, CHICAGO, IL, 60607","Match","Exact","1337 W HARRISON ST, CHICAGO, IL, 60607","-87.660494537075,41.874112548079","111802773","R","17","031","832900","2006"
"414","1627 N HUDSON AVENUE, CHICAGO, IL, 60614","Match","Exact","1627 N HUDSON AVE, CHICAGO, IL, 60614","-87.639748036997,41.911747449729","605071683","R","17","031","071700","2000"
"31","10325 S INDIANA AVENUE, CHICAGO, IL, 60628","Match","Exact","10325 S INDIANA AVE, CHICAGO, IL, 60628","-87.618542700198,41.706441738857","605524883","L","17","031","490902","2003"
"32","10336 S VERNON AVENUE, CHICAGO, IL, 60628","Match","Exact","10336 S VERNON AVE, CHICAGO, IL, 60628","-87.612600009806,41.706355267733","605525036","R","17","031","490902","4013"
"35","1035-1043 E 65TH STREET, CHICAGO, IL, 60637","Match","Non_Exact","1043 E 65TH ST, CHICAGO, IL, 60637","-87.599547645942,41.776786694965","111774186","R","17","031","834400","3005"
"79","10609 S LAFAYETTE AVENUE, CHICAGO, IL, 60628","Match","Exact","10609 S LAFAYETTE AVE, CHICAGO, IL, 60628","-87.624468614562,41.701240442661","111773314","L","17","031","491000","2001"
"142","1123 W VERNON PARK PLACE, CHICAGO, IL, 60607","Match","Exact","1123 W VERNON PARK PL, CHICAGO, IL, 60607","-87.655038269139,41.872940140491","639819410","L","17","031","833300","1011"
"220","1343 W FLOURNOY STREET, CHICAGO, IL, 60607","Match","Exact","1343 W FLOURNOY ST, CHICAGO, IL, 60607","-87.660522049238,41.873119167175","605105594","L","17","031","832900","2011"
"144","1635 N LA SALLE DRIVE, CHICAGO, IL, 60614","Match","Exact","1635 N LA SALLE DR, CHICAGO, IL, 60614","-87.633141407504,41.913090497512","111767517","R","17","031","071500","2001"
"188","1300 S ALBANY AVENUE, CHICAGO, IL, 60623","Match","Exact","1300 S ALBANY AVE, CHICAGO, IL, 60623","-87.703179557753,41.864540684339","111801504","R","17","031","843100","1013"
"420","1629 N CLEVELAND AVENUE, CHICAGO, IL, 60614","Match","Exact","1629 N CLEVELAND AVE, CHICAGO, IL, 60614","-87.640961402784,41.911652167877","647565719","R","17","031","071700","2002"
"464","1641 N HUDSON AVENUE, CHICAGO, IL, 60614","Match","Exact","1641 N HUDSON AVE, CHICAGO, IL, 60614","-87.639752124301,41.911884082925","605071683","R","17","031","071700","2000"
"267","1423 W FLOURNOY STREET, CHICAGO, IL, 60607","Match","Exact","1423 W FLOURNOY ST, CHICAGO, IL, 60607","-87.66209165599,41.873292744579","111802751","L","17","031","832900","1008"
"421","1629 N HUDSON AVENUE, CHICAGO, IL, 60614","Match","Exact","1629 N HUDSON AVE, CHICAGO, IL, 60614","-87.639748620898,41.911766968757","605071683","R","17","031","071700","2000"
"465","1641 N NORTH PARK AVENUE, CHICAGO, IL, 60614","Match","Exact","1641 N NORTH PARK AVE, CHICAGO, IL, 60614","-87.636626393211,41.912313844966","618051505","R","17","031","071500","1005"
"389","1617 N HUDSON AVENUE, CHICAGO, IL, 60614","Match","Exact","1617 N HUDSON AVE, CHICAGO, IL, 60614","-87.639745117495,41.91164985459","605071683","R","17","031","071700","2000"
"422","1629 N MOHAWK STREET, CHICAGO, IL, 60614","Match","Exact","1629 N MOHAWK ST, CHICAGO, IL, 60614","-87.642168830792,41.91163487678","605838402","R","17","031","071700","2003"
"149","1140-1142 E 46TH STREET, CHICAGO, IL, 60653","Match","Non_Exact","1142 E 46TH ST, CHICAGO, IL, 60653","-87.597619161752,41.811511451724","605500133","L","17","031","390200","1003"
"501","168 W EUGENIE STREET, CHICAGO, IL, 60614","Match","Exact","168 W EUGENIE ST, CHICAGO, IL, 60614","-87.634262909535,41.912952419659","111767541","R","17","031","071500","2000"
"1020","1926 N CLEVELAND AVENUE, CHICAGO, IL, 60614","Match","Exact","1926 N CLEVELAND AVE, CHICAGO, IL, 60614","-87.641283471456,41.916980764408","111767381","L","17","031","071600","1002"
"790","1825 N LARRABEE STREET, CHICAGO, IL, 60614","Match","Exact","1825 N LARRABEE ST, CHICAGO, IL, 60614","-87.64348671234,41.915094833426","111767225","R","17","031","071600","1005"
"672","1758 N SEDGWICK STREET, CHICAGO, IL, 60614","Match","Exact","1758 N SEDGWICK ST, CHICAGO, IL, 60614","-87.638770282045,41.914332029278","111767405","L","17","031","071700","1000"
"1018","1925 S MAY STREET, CHICAGO, IL, 60608","Match","Exact","1925 S MAY ST, CHICAGO, IL, 60608","-87.654712919159,41.855851836984","111803477","L","17","031","310500","1012"
"798","1826-1834 N LINCOLN PARK AVENUE, CHICAGO, IL, 60614","No_Match"
"799","1827 N HUDSON AVENUE, CHICAGO, IL, 60614","Match","Exact","1827 N HUDSON AVE, CHICAGO, IL, 60614","-87.639865898437,41.91551613467","605266130","R","17","031","071600","1009"
"1012","1924 N HUDSON AVENUE, CHICAGO, IL, 60614","Match","Exact","1924 N HUDSON AVE, CHICAGO, IL, 60614","-87.64006746986,41.91696412454","111767382","L","17","031","071600","1001"
"998","1921 N CLEVELAND AVENUE, CHICAGO, IL, 60614","Match","Exact","1921 N CLEVELAND AVE, CHICAGO, IL, 60614","-87.641126509486,41.9168794872","111767381","R","17","031","071600","1001"
"958","1912 N CLEVELAND AVENUE, CHICAGO, IL, 60614","Match","Exact","1912 N CLEVELAND AVE, CHICAGO, IL, 60614","-87.641276847232,41.916738858877","111767381","L","17","031","071600","1002"
"718","1807-1811 N LINCOLN PARK WEST, CHICAGO, IL, 60614","Match","Non_Exact","1811 N LINCOLN PARK W, CHICAGO, IL, 60614","-87.636196788678,41.915110000486","605266135","R","17","031","071500","6002"
"1190","217-221 W WILLOW STREET, CHICAGO, IL, 60614","Match","Non_Exact","221 W WILLOW ST, CHICAGO, IL, 60614","-87.635697123511,41.91409039419","639245976","L","17","031","071500","1002"
"1193","218 W MENOMONEE STREET, CHICAGO, IL, 60614","Match","Exact","218 W MENOMONEE ST, CHICAGO, IL, 60614","-87.635639934164,41.914849436112","605071530","R","17","031","071500","6002"
"1027","1927 N SEDGWICK STREET, CHICAGO, IL, 60614","Match","Exact","1927 N SEDGWICK ST, CHICAGO, IL, 60614","-87.638708835558,41.917396842566","605232688","R","17","031","071500","3009"
"884","1847-1849 N CLEVELAND AVENUE, CHICAGO, IL, 60614","Match","Non_Exact","1849 N CLEVELAND AVE, CHICAGO, IL, 60614","-87.641086381815,41.915549993232","111767389","R","17","031","071600","1008"
"961","1912 N SEDGWICK STREET, CHICAGO, IL, 60614","Match","Exact","1912 N SEDGWICK ST, CHICAGO, IL, 60614","-87.638850908521,41.916990168551","605232688","L","17","031","071600","1000"
"687","1800 N CLARK STREET, CHICAGO, IL, 60614","Match","Exact","1800 N CLARK ST, CHICAGO, IL, 60614","-87.633973860505,41.914856272877","111767497","L","17","031","071500","6003"
"1025","1927 N CLEVELAND AVENUE, CHICAGO, IL, 60614","Match","Exact","1927 N CLEVELAND AVE, CHICAGO, IL, 60614","-87.641129510308,41.916983230292","111767381","R","17","031","071600","1001"
"1100","1945 N LINCOLN AVENUE, CHICAGO, IL, 60614","Match","Exact","1945 N LINCOLN AVE, CHICAGO, IL, 60614","-87.637624803014,41.917562502497","111890283","R","17","031","071500","3008"
"800","1827 N LINCOLN PARK WEST, CHICAGO, IL, 60614","Match","Exact","1827 N LINCOLN PARK W, CHICAGO, IL, 60614","-87.636211384276,41.915538849566","605266135","R","17","031","071500","6002"
"648","1747 N CLEVELAND AVENUE, CHICAGO, IL, 60614","Match","Exact","1747 N CLEVELAND AVE, CHICAGO, IL, 60614","-87.641039371804,41.914084228785","605071475","R","17","031","071700","1001"
"923","1902 S MAY STREET, CHICAGO, IL, 60608","Match","Exact","1902 S MAY ST, CHICAGO, IL, 60608","-87.654887170832,41.856500998543","111803046","R","17","031","310500","1004"
"806","1829 N MOHAWK STREET, CHICAGO, IL, 60614","Match","Exact","1829 N MOHAWK ST, CHICAGO, IL, 60614","-87.642274556929,41.915077493978","605266120","R","17","031","071600","1010"
"808","1830 N LINCOLN AVENUE, CHICAGO, IL, 60614","Match","Exact","1830 N LINCOLN AVE, CHICAGO, IL, 60614","-87.635390721496,41.915802250328","111892206","L","17","031","071500","6002"
"1160","2109-2113 N CLARK STREET, CHICAGO, IL, 60614","Match","Non_Exact","2113 N CLARK ST, CHICAGO, IL, 60614","-87.637314001808,41.920499640338","605242661","R","17","031","071400","2006"
"697","1801 N LARRABEE STREET, CHICAGO, IL, 60614","Match","Exact","1801 N LARRABEE ST, CHICAGO, IL, 60614","-87.643475656663,41.914679466876","111767225","R","17","031","071600","1005"
"1158","210 W EUGENIE STREET, CHICAGO, IL, 60614","Match","Exact","210 W EUGENIE ST, CHICAGO, IL, 60614","-87.635339238734,41.912932436423","655272262","R","17","031","071500","1004"
"654","1750 N MOHAWK STREET, CHICAGO, IL, 60614","Match","Exact","1750 N MOHAWK ST, CHICAGO, IL, 60614","-87.642393541877,41.913865045037","605071455","L","17","031","071700","1005"
"731","1810 N ORLEANS STREET, CHICAGO, IL, 60614","Match","Exact","1810 N ORLEANS ST, CHICAGO, IL, 60614","-87.637568861143,41.915055979953","605071493","L","17","031","071500","4001"
"973","1915 N SEDGWICK STREET, CHICAGO, IL, 60614","Match","Exact","1915 N SEDGWICK ST, CHICAGO, IL, 60614","-87.638703349151,41.917210304084","605232688","R","17","031","071500","3009"
"1157","209-211 W EUGENIE STREET, CHICAGO, IL, 60614","Match","Non_Exact","211 W EUGENIE ST, CHICAGO, IL, 60614","-87.635124647838,41.912821906342","605071611","L","17","031","071500","1005"
"812","1831 N LINCOLN PARK WEST, CHICAGO, IL, 60614","Match","Exact","1831 N LINCOLN PARK W, CHICAGO, IL, 60614","-87.63621575871,41.91564602348","605266135","R","17","031","071500","6002"
"819","1833 N HUDSON AVENUE, CHICAGO, IL, 60614","Match","Exact","1833 N HUDSON AVE, CHICAGO, IL, 60614","-87.639868054284,41.915592883118","605266130","R","17","031","071600","1009"
"1175","214 W 70TH STREET, CHICAGO, IL, 60621","Match","Exact","214 W 70TH ST, CHICAGO, IL, 60621","-87.629967737653,41.767307125169","605520781","R","17","031","690300","2008"
"1093","1943 N MOHAWK STREET, CHICAGO, IL, 60614","Match","Exact","1943 N MOHAWK ST, CHICAGO, IL, 60614","-87.6423401115,41.917083869761","605232674","R","17","031","071600","1003"
"583","1726-1728 N CLARK STREET, CHICAGO, IL, 60614","Match","Non_Exact","1728 N CLARK ST, CHICAGO, IL, 60614","-87.633481041763,41.914053947578","111767507","L","17","031","071500","2000"
"1129","2 N RIVERSIDE PLAZA, CHICAGO, IL, 60606","No_Match"
"586","1727-1735 N ORLEANS STREET, CHICAGO, IL, 60614","Match","Non_Exact","1735 N ORLEANS ST, CHICAGO, IL, 60614","-87.637360245253,41.913323152047","111767416","R","17","031","071500","4003"
"621","1738 N HUDSON AVENUE, CHICAGO, IL, 60614","Match","Exact","1738 N HUDSON AVE, CHICAGO, IL, 60614","-87.639953238281,41.913312590101","111767398","L","17","031","071700","1002"
"984","1918 N CLEVELAND AVENUE, CHICAGO, IL, 60614","Match","Exact","1918 N CLEVELAND AVE, CHICAGO, IL, 60614","-87.641279470359,41.916842440286","111767381","L","17","031","071600","1002"
"622","1738 N MOHAWK STREET, CHICAGO, IL, 60614","Match","Exact","1738 N MOHAWK ST, CHICAGO, IL, 60614","-87.642388856331,41.913683869868","605071455","L","17","031","071700","1005"
"787","1824 N ORLEANS STREET, CHICAGO, IL, 60614","Match","Exact","1824 N ORLEANS ST, CHICAGO, IL, 60614","-87.637577084968,41.915321085653","605232649","L","17","031","071500","4001"
"864","1843-1845 N LINCOLN AVENUE, CHICAGO, IL, 60614","Match","Non_Exact","1845 N LINCOLN AVE, CHICAGO, IL, 60614","-87.635849925436,41.916291296211","111892207","R","17","031","071500","6001"
"985","1918 N MOHAWK STREET, CHICAGO, IL, 60614","Match","Exact","1918 N MOHAWK ST, CHICAGO, IL, 60614","-87.642491694005,41.917010020854","605232674","L","17","031","071600","1004"
"1002","1921-1923 N SEDGWICK STREET, CHICAGO, IL, 60614","Match","Non_Exact","1923 N SEDGWICK ST, CHICAGO, IL, 60614","-87.638707006756,41.917334663072","605232688","R","17","031","071500","3009"
"744","1814 N HUDSON AVENUE, CHICAGO, IL, 60614","Match","Exact","1814 N HUDSON AVE, CHICAGO, IL, 60614","-87.640008189396,41.915180553576","605266130","L","17","031","071600","1008"
"986","1918 N SEDGWICK STREET, CHICAGO, IL, 60614","Match","Exact","1918 N SEDGWICK ST, CHICAGO, IL, 60614","-87.638854566126,41.917114527539","605232688","L","17","031","071600","1000"
"629","1740 N CLARK STREET, CHICAGO, IL, 60614","Match","Exact","1740 N CLARK ST, CHICAGO, IL, 60614","-87.633551796505,41.91416892407","111767507","L","17","031","071500","2000"
"706","1804 N HUDSON AVENUE, CHICAGO, IL, 60614","Match","Exact","1804 N HUDSON AVE, CHICAGO, IL, 60614","-87.640000082342,41.914863533695","605266129","L","17","031","071600","1008"
"828","1834-1838 N LINCOLN AVENUE, CHICAGO, IL, 60614","Match","Non_Exact","1838 N LINCOLN AVE, CHICAGO, IL, 60614","-87.635619530021,41.915967292081","111892207","L","17","031","071500","6002"
"949","1910-1912 N CLARK STREET, CHICAGO, IL, 60614","Match","Non_Exact","1912 N CLARK ST, CHICAGO, IL, 60614","-87.635184770458,41.916829891672","111767410","L","17","031","071500","3008"
"1340","321 W 106TH STREET, CHICAGO, IL, 60628","Match","Exact","321 W 106TH ST, CHICAGO, IL, 60628","-87.631123199424,41.701545274542","605524512","R","17","031","491000","3009"
"1855","534 W DICKENS AVENUE, CHICAGO, IL, 60614","Match","Exact","534 W DICKENS AVE, CHICAGO, IL, 60614","-87.642697696346,41.920143786005","605232725","R","17","031","071300","2009"
"1535","3601-3603 W DOUGLAS BOULEVARD, CHICAGO, IL, 60623","Match","Non_Exact","3603 W DOUGLAS BLVD, CHICAGO, IL, 60623","-87.716606089978,41.862327858219","111798953","L","17","031","838700","4001"
"1257","253 W 104TH STREET, CHICAGO, IL, 60628","Match","Exact","253 W 104TH ST, CHICAGO, IL, 60628","-87.630202738694,41.705196880418","111833927","L","17","031","491000","4006"
"1730","4830-4848 ½ S DREXEL BOULEVARD, CHICAGO, IL, 60615","Match","Non_Exact","4848 1/2 S DREXEL BLVD, CHICAGO, IL, 60615","-87.604390728708,41.806844664422","111770977","R","17","031","390400","2005"
"1299","311 W EUGENIE STREET, CHICAGO, IL, 60614","Match","Exact","311 W EUGENIE ST, CHICAGO, IL, 60614","-87.637189677452,41.912783801896","111767461","L","17","031","071500","4006"
"1815","5202-5210 S CORNELL AVENUE, CHICAGO, IL, 60615","Match","Non_Exact","5210 S CORNELL AVE, CHICAGO, IL, 60615","-87.586069578526,41.800868631923","647560274","R","17","031","410100","2005"
"1659","4701-4703 W OHIO STREET, CHICAGO, IL, 60644","Match","Non_Exact","4703 W OHIO ST, CHICAGO, IL, 60644","-87.743537440015,41.891358997143","605076538","L","17","031","251700","1020"
"1658","4700-4702 W FERDINAND STREET, CHICAGO, IL, 60644","No_Match"
"1735","4836 ½ S DREXEL BOULEVARD, CHICAGO, IL, 60615","Match","Non_Exact","4836 1/2 S DREXEL BLVD, CHICAGO, IL, 60615","-87.604395003016,41.80705325169","111770977","R","17","031","390400","2005"
"1396","329 W WEBSTER AVENUE, CHICAGO, IL, 60614","Match","Exact","329 W WEBSTER AVE, CHICAGO, IL, 60614","-87.637690834877,41.921923270213","605242658","L","17","031","071400","1000"
"1550","3634-3636 W DOUGLAS BOULEVARD, CHICAGO, IL, 60623","Match","Non_Exact","3636 W DOUGLAS BLVD, CHICAGO, IL, 60623","-87.716766178003,41.862892449529","111798929","R","17","031","838700","1021"
"1592","411-413 W MENOMONEE STREET, CHICAGO, IL, 60614","Match","Non_Exact","413 W MENOMONEE ST, CHICAGO, IL, 60614","-87.6390125007,41.914613469193","111767404","L","17","031","071700","1000"
"1392","328-330 S LEAVITT STREET, CHICAGO, IL, 60612","Match","Non_Exact","330 S LEAVITT ST, CHICAGO, IL, 60612","-87.681504589871,41.877137275743","112383556","R","17","031","838000","1012"
"1590","4108 W JACKSON BOULEVARD, CHICAGO, IL, 60624","Match","Exact","4108 W JACKSON BLVD, CHICAGO, IL, 60624","-87.728264289126,41.877107583146","111765820","R","17","031","260700","2002"
"1502","3517 W DOUGLAS BOULEVARD, CHICAGO, IL, 60623","Match","Exact","3517 W DOUGLAS BLVD, CHICAGO, IL, 60623","-87.713391508038,41.862360402255","111798972","L","17","031","291200","2008"
"1543","3617-3619 W DOUGLAS BOULEVARD, CHICAGO, IL, 60623","Match","Non_Exact","3619 W DOUGLAS BLVD, CHICAGO, IL, 60623","-87.716725537592,41.862327858226","111798953","L","17","031","838700","4001"
"1223","229 W EUGENIE STREET, CHICAGO, IL, 60614","Match","Exact","229 W EUGENIE ST, CHICAGO, IL, 60614","-87.635868329018,41.912808845077","655277664","L","17","031","071500","1005"
"1662","4702-4710 W HUBBARD STREET, CHICAGO, IL, 60644","No_Match"
"1705","4746-4744 W HUBBARD STREET, CHICAGO, IL, 60644","No_Match"
"1506","3522-3524 W GRENSHAW STREET, CHICAGO, IL, 60624","Match","Non_Exact","3524 W GRENSHAW ST, CHICAGO, IL, 60624","-87.713498723545,41.86732938773","616787435","R","17","031","843000","1027"
"1242","236 W WILLOW STREET, CHICAGO, IL, 60614","Match","Exact","236 W WILLOW ST, CHICAGO, IL, 60614","-87.635903340207,41.914199732727","639245976","R","17","031","071500","1001"
"1561","3650 W DOUGLAS BOULEVARD, CHICAGO, IL, 60623","Match","Exact","3650 W DOUGLAS BLVD, CHICAGO, IL, 60623","-87.716974653057,41.862890106458","111798929","R","17","031","838700","1021"
"1436","3336 W WASHINGTON BOULEVARD, CHICAGO, IL, 60624","Match","Exact","3336 W WASHINGTON BLVD, CHICAGO, IL, 60624","-87.708679088157,41.882826133912","616787020","R","17","031","836800","2012"
"1830","5220-5222 S BLACKSTONE AVENUE, CHICAGO, IL, 60615","Match","Non_Exact","5222 S BLACKSTONE AVE, CHICAGO, IL, 60615","-87.59054031576,41.800634413995","111771724","R","17","031","410800","1003"
"1235","234 W WILLOW STREET, CHICAGO, IL, 60614","Match","Exact","234 W WILLOW ST, CHICAGO, IL, 60614","-87.635878230251,41.914200380724","639245976","R","17","031","071500","1001"
"1674","4711-4715 W HUBBARD STREET, CHICAGO, IL, 60644","No_Match"
"1751","4902 W ADAMS STREET, CHICAGO, IL, 60644","Match","Exact","4902 W ADAMS ST, CHICAGO, IL, 60644","-87.7476431958,41.878623948758","604999717","R","17","031","252202","4005"
"1431","333 W MENOMONEE STREET, CHICAGO, IL, 60614","Match","Exact","333 W MENOMONEE ST, CHICAGO, IL, 60614","-87.637558317511,41.91470506751","616790525","L","17","031","071500","4002"
"1838","530 W DICKENS AVENUE, CHICAGO, IL, 60614","Match","Exact","530 W DICKENS AVE, CHICAGO, IL, 60614","-87.642596977477,41.920147516328","605232725","R","17","031","071300","2009"
"1716","4802 N WESTERN AVENUE, CHICAGO, IL, 60625","Match","Exact","4802 N WESTERN AVE, CHICAGO, IL, 60625","-87.68898480023,41.968684807532","111760379","L","17","031","040201","1019"
"1715","4801-4815 W WASHINGTON BOULEVARD, CHICAGO, IL, 60644","Match","Non_Exact","4815 W WASHINGTON BLVD, CHICAGO, IL, 60644","-87.745740006792,41.88175253135","111758281","L","17","031","251800","4012"
"1714","4801 S KENWOOD AVENUE, CHICAGO, IL, 60615","Match","Exact","4801 S KENWOOD AVE, CHICAGO, IL, 60615","-87.593487705028,41.807806383901","111771586","L","17","031","390600","1003"
"1758","4909-4911 W ADAMS STREET, CHICAGO, IL, 60644","Match","Non_Exact","4911 W ADAMS ST, CHICAGO, IL, 60644","-87.747777155291,41.878508047077","604999717","L","17","031","252202","2001"
"1438","3339-3341 W DOUGLAS BOULEVARD, CHICAGO, IL, 60623","Match","Non_Exact","3341 W DOUGLAS BLVD, CHICAGO, IL, 60623","-87.709445048631,41.862408857807","111799035","L","17","031","841500","2003"
"1495","3501-3503 W DOUGLAS BOULEVARD, CHICAGO, IL, 60623","Match","Non_Exact","3503 W DOUGLAS BLVD, CHICAGO, IL, 60623","-87.712998045249,41.862368016172","111798972","L","17","031","291200","2008"
"1295","310 W WILLOW STREET, CHICAGO, IL, 60614","Match","Exact","310 W WILLOW ST, CHICAGO, IL, 60614","-87.637221061752,41.91422218867","111767415","R","17","031","071500","4002"
"1372","3246-3252 W DOUGLAS BOULEVARD, CHICAGO, IL, 60623","Match","Non_Exact","3252 W DOUGLAS BLVD, CHICAGO, IL, 60623","-87.707209453894,41.862998233131","111799027","R","17","031","841500","1018"
"1492","349 W 105TH PLACE, CHICAGO, IL, 60628","Match","Exact","349 W 105TH PL, CHICAGO, IL, 60628","-87.632553507988,41.702433881024","605524472","R","17","031","491000","3001"
"1490","3451 W DOUGLAS BOULEVARD, CHICAGO, IL, 60623","Match","Exact","3451 W DOUGLAS BLVD, CHICAGO, IL, 60623","-87.712373555259,41.862372857976","605096086","L","17","031","291200","1011"
"1404","3306-3312 W DOUGLAS BOULEVARD, CHICAGO, IL, 60623","Match","Non_Exact","3312 W DOUGLAS BLVD, CHICAGO, IL, 60623","-87.708542211723,41.862987876883","111799026","R","17","031","841500","1017"
"1249","241 W WILLOW STREET, CHICAGO, IL, 60614","Match","Exact","241 W WILLOW ST, CHICAGO, IL, 60614","-87.635948223067,41.914083914214","639245976","L","17","031","071500","1002"
"1566","370 W NORMAL AVENUE, CHICAGO, IL, 60621","Match","Non_Exact","370 W NORMAL PKWY, CHICAGO, IL, 60621","-87.634155089674,41.771528939624","648375591","L","17","031","681200","1003"
"1521","3551 W DOUGLAS BOULEVARD, CHICAGO, IL, 60623","Match","Exact","3551 W DOUGLAS BLVD, CHICAGO, IL, 60623","-87.714851424149,41.862345858119","605096242","L","17","031","291200","2012"
"1686","4725-4727 S DREXEL BOULEVARD, CHICAGO, IL, 60615","Match","Non_Exact","4727 S DREXEL BLVD, CHICAGO, IL, 60615","-87.603807809764,41.809029596671","605499724","L","17","031","390400","1001"
"1201","220 W WILLOW STREET, CHICAGO, IL, 60614","Match","Exact","220 W WILLOW ST, CHICAGO, IL, 60614","-87.635702460562,41.914204916707","639245976","R","17","031","071500","1001"
"1322","316 W 106TH PLACE, CHICAGO, IL, 60628","Match","Exact","316 W 106TH PL, CHICAGO, IL, 60628","-87.631013348573,41.700745671356","605524507","L","17","031","491000","3010"
"1287","306 W WILLOW STREET, CHICAGO, IL, 60614","Match","Exact","306 W WILLOW ST, CHICAGO, IL, 60614","-87.637062588271,41.914212179809","111767415","R","17","031","071500","4002"
"1207","222-224 W ST PAUL AVENUE, CHICAGO, IL, 60614","Match","Non_Exact","224 W ST PAUL AVE, CHICAGO, IL, 60614","-87.63590492563,41.913664516468","655292670","R","17","031","071500","1002"
"1724","4818-4820 W ADAMS STREET, CHICAGO, IL, 60644","Match","Non_Exact","4820 W ADAMS ST, CHICAGO, IL, 60644","-87.746249781483,41.878639963285","604999717","R","17","031","252202","4005"
"2352","908-910 S BISHOP STREET, CHICAGO, IL, 60607","Match","Non_Exact","910 S BISHOP ST, CHICAGO, IL, 60607","-87.662975569679,41.870439522665","641801079","R","17","031","283100","2001"
"2197","804 S BISHOP STREET, CHICAGO, IL, 60607","Match","Exact","804 S BISHOP ST, CHICAGO, IL, 60607","-87.663006769218,41.871499082028","639787369","R","17","031","283100","2001"
"2471","5032-5034 S ST LAWRENCE AVENUE, CHICAGO, IL, 60615","Tie"
"2074","7026 S WALLACE STREET, CHICAGO, IL, 60621","Match","Exact","7026 S WALLACE ST, CHICAGO, IL, 60621","-87.640315262447,41.770218319216","111831137","R","17","031","681200","2011"
"2073","7026 S PAULINA STREET, CHICAGO, IL, 60636","Match","Exact","7026 S PAULINA ST, CHICAGO, IL, 60636","-87.666357040815,41.766313070089","605484483","R","17","031","671500","3010"
"2468","5036-5044 S ST LAWRENCE AVENUE, CHICAGO, IL, 60615","Tie"
"1893","548 W EUGENIE STREET, CHICAGO, IL, 60614","Match","Exact","548 W EUGENIE ST, CHICAGO, IL, 60614","-87.642955687882,41.912876552544","605071420","R","17","031","071700","1006"
"2069","7022 S HARPER AVENUE, CHICAGO, IL, 60637","Match","Exact","7022 S HARPER AVE, CHICAGO, IL, 60637","-87.58800227327,41.767437970786","111774569","R","17","031","430300","2009"
"1858","5342-5344 S GREENWOOD AVENUE, CHICAGO, IL, 60615","Match","Non_Exact","5344 S GREENWOOD AVE, CHICAGO, IL, 60615","-87.599804114276,41.79875575924","111771647","R","17","031","410600","1006"
"2506","1400 S JEFFERSON STREET, CHICAGO, IL, 60607","Match","Exact","1400 S JEFFERSON ST, CHICAGO, IL, 60607","-87.642221428852,41.86585010097","111827536","R","17","031","841900","2024"
"2109","7150 S EGGLESTON AVENUE, CHICAGO, IL, 60621","Match","Exact","7150 S EGGLESTON AVE, CHICAGO, IL, 60621","-87.635937480108,41.764406806154","111831300","R","17","031","681300","2002"
"1908","56 W 68TH STREET, CHICAGO, IL, 60621","Match","Exact","56 W 68TH ST, CHICAGO, IL, 60621","-87.627159692852,41.770973171188","605520661","R","17","031","690300","1004"
"2243","820 S MILLER STREET, CHICAGO, IL, 60607","Match","Exact","820 S MILLER ST, CHICAGO, IL, 60607","-87.652342124178,41.871227305796","624523314","R","17","031","833300","1018"
"2121","7205-7209 S YALE AVENUE, CHICAGO, IL, 60621","Match","Non_Exact","7209 S YALE AVE, CHICAGO, IL, 60621","-87.63087855183,41.76339689375","111831387","L","17","031","691100","4010"
"2482","130 E RANDOLPH STREET, CHICAGO, IL, 60601","Match","Exact","130 E RANDOLPH ST, CHICAGO, IL, 60601","-87.623845751304,41.88452844065","616783651","L","17","031","320102","1026"
"2436","5201 S HARPER AVENUE, CHICAGO, IL, 60615","Match","Exact","5201 S HARPER AVE, CHICAGO, IL, 60615","-87.58902441076,41.800956861664","646578538","L","17","031","410800","1000"
"2278","826-830 S BISHOP STREET, CHICAGO, IL, 60607","Match","Non_Exact","830 S BISHOP ST, CHICAGO, IL, 60607","-87.662988868632,41.870801552199","641801072","R","17","031","283100","2001"
"2311","840 S LOOMIS STREET, CHICAGO, IL, 60607","Match","Exact","840 S LOOMIS ST, CHICAGO, IL, 60607","-87.661751924868,41.870502183866","618343617","R","17","031","283100","2000"
"2156","734 W EVERGREEN AVENUE, CHICAGO, IL, 60610","Match","Exact","734 W EVERGREEN AVE, CHICAGO, IL, 60610","-87.6467185602,41.906443438168","616786621","L","17","031","842200","1034"
"1988","6700 S PERRY AVENUE, CHICAGO, IL, 60621","Match","Exact","6700 S PERRY AVE, CHICAGO, IL, 60621","-87.628439026303,41.772677728466","111832229","R","17","031","690300","1006"
"2331","902 S BISHOP STREET, CHICAGO, IL, 60607","Match","Exact","902 S BISHOP ST, CHICAGO, IL, 60607","-87.66297576059,41.870444104527","641801079","R","17","031","283100","2001"
"2375","915 S INDEPENDENCE BOULEVARD, CHICAGO, IL, 60624","Match","Exact","915 S INDEPENDENCE BLVD, CHICAGO, IL, 60624","-87.719557340559,41.869538384391","111798634","L","17","031","843000","1003"
"2452","3200-3211 W LAKE STREET, CHICAGO, IL, 60624","Match","Non_Exact","3211 W LAKE ST, CHICAGO, IL, 60624","-87.706493621008,41.884311856774","616783153","L","17","031","836800","2008"
"2099","713 S CARPENTER STREET, CHICAGO, IL, 60607","Match","Exact","713 S CARPENTER ST, CHICAGO, IL, 60607","-87.653202799377,41.872597285382","605101348","L","17","031","833300","1011"
"2495","1323 S RACINE AVENUE, CHICAGO, IL, 60608","Match","Exact","1323 S RACINE AVE, CHICAGO, IL, 60608","-87.656540889796,41.864808807305","641800964","L","17","031","283800","1004"
"2328","901 S MILLER STREET, CHICAGO, IL, 60607","Match","Exact","901 S MILLER ST, CHICAGO, IL, 60607","-87.652169268894,41.87055389015","624523314","L","17","031","833300","1020"
"2405","923 S CARPENTER STREET, CHICAGO, IL, 60607","Match","Exact","923 S CARPENTER ST, CHICAGO, IL, 60607","-87.653142002228,41.870000765445","605104120","L","17","031","833300","1019"
"2523","1535-1537 W CONGRESS PARKWAY, CHICAGO, IL, 60607","Match","Non_Exact","1537 W CONGRESS PKWY, CHICAGO, IL, 60612","-87.665792355682,41.875130781088","112391228","L","17","031","832900","1004"
"1994","6715 S PARNELL AVENUE, CHICAGO, IL, 60621","Match","Exact","6715 S PARNELL AVE, CHICAGO, IL, 60621","-87.638638436217,41.772265815659","111831141","L","17","031","681200","1006"
"2247","801-821 S BISHOP STREET, CHICAGO, IL, 60607","Match","Non_Exact","821 S BISHOP ST, CHICAGO, IL, 60607","-87.662841997812,41.871053893805","639787369","L","17","031","283100","2001"
"2522","1501-1529 W CONGRESS PARKWAY, CHICAGO, IL, 60607","Match","Non_Exact","1529 W CONGRESS PKWY, CHICAGO, IL, 60612","-87.665660280231,41.875133139571","112391228","L","17","031","832900","1004"
"2048","6947 S WENTWORTH AVENUE, CHICAGO, IL, 60621","Match","Exact","6947 S WENTWORTH AVE, CHICAGO, IL, 60621","-87.629771576174,41.768222227142","111831267","L","17","031","690300","2007"
"2046","6946 S YALE AVENUE, CHICAGO, IL, 60621","Match","Exact","6946 S YALE AVE, CHICAGO, IL, 60621","-87.631143171348,41.767821210558","111831264","R","17","031","690300","2008"
"2123","7209 S PERRY AVENUE, CHICAGO, IL, 60621","Match","Exact","7209 S PERRY AVE, CHICAGO, IL, 60621","-87.628033680231,41.763139832086","605520417","L","17","031","691100","1005"
"1956","6345-6347 S WENTWORTH AVENUE, CHICAGO, IL, 60621","Match","Non_Exact","6347 S WENTWORTH AVE, CHICAGO, IL, 60621","-87.630058373976,41.779580565267","605503648","L","17","031","842500","1005"
"2066","702 S MAY STREET, CHICAGO, IL, 60607","Match","Exact","702 S MAY ST, CHICAGO, IL, 60607","-87.655398005662,41.872545550693","111802824","R","17","031","833300","1011"
"2261","827 S BISHOP STREET, CHICAGO, IL, 60607","Match","Exact","827 S BISHOP ST, CHICAGO, IL, 60607","-87.66283577978,41.870825397243","641801072","L","17","031","283100","2001"
"1888","5447-5453 S KENWOOD AVENUE, CHICAGO, IL, 60615","Match","Non_Exact","5453 S KENWOOD AVE, CHICAGO, IL, 60615","-87.593376148975,41.79582309762","111771746","L","17","031","410700","1012"
"2218","812 S MILLER STREET, CHICAGO, IL, 60607","Match","Exact","812 S MILLER ST, CHICAGO, IL, 60607","-87.652344288073,41.871303042409","624523314","R","17","031","833300","1018"
"1961","640 N LOREL AVENUE, CHICAGO, IL, 60644","Match","Exact","640 N LOREL AVE, CHICAGO, IL, 60644","-87.759306094125,41.891910765901","111754243","L","17","031","251500","3009"
"2016","6912 S PARNELL AVENUE, CHICAGO, IL, 60621","Match","Exact","6912 S PARNELL AVE, CHICAGO, IL, 60621","-87.638523054715,41.768670143426","111831154","R","17","031","681200","3002"
"2258","826 S LOOMIS STREET, CHICAGO, IL, 60607","Match","Exact","826 S LOOMIS ST, CHICAGO, IL, 60607","-87.66176414661,41.870873287183","618343617","R","17","031","283100","2000"
"1883","5440-5442 S CORNELL AVENUE, CHICAGO, IL, 60615","Match","Non_Exact","5442 S CORNELL AVE, CHICAGO, IL, 60615","-87.585529577611,41.796954738315","637904424","R","17","031","410900","2000"
"2378","916 S CARPENTER STREET, CHICAGO, IL, 60607","Match","Exact","916 S CARPENTER ST, CHICAGO, IL, 60607","-87.653301406056,41.870237097584","605104120","R","17","031","833300","1026"
"2498","5210 S HARPER AVENUE, CHICAGO, IL, 60615","Match","Exact","5210 S HARPER AVE, CHICAGO, IL, 60615","-87.589185936575,41.800651137053","646578538","R","17","031","410800","1002"
"2134","7239 S YALE AVENUE, CHICAGO, IL, 60621","Match","Exact","7239 S YALE AVE, CHICAGO, IL, 60621","-87.630865589601,41.762875428184","111831387","L","17","031","691100","4010"
"2497","5210-5220 S HARPER AVENUE, CHICAGO, IL, 60615","Match","Non_Exact","5220 S HARPER AVE, CHICAGO, IL, 60615","-87.589174467795,41.800345057714","646578538","R","17","031","410800","1002"
"1928","59 W BURTON PLACE, CHICAGO, IL, 60610","Match","Exact","59 W BURTON PL, CHICAGO, IL, 60610","-87.63103626323,41.90938570634","605071759","L","17","031","080201","1003"
"1924","5761 S BLACKSTONE AVENUE, CHICAGO, IL, 60637","Match","Exact","5761 S BLACKSTONE AVE, CHICAGO, IL, 60637","-87.590140424759,41.789866475039","637884076","L","17","031","411100","2000"
"2219","812-826 S BISHOP STREET, CHICAGO, IL, 60607","Match","Non_Exact","826 S BISHOP ST, CHICAGO, IL, 60607","-87.662989363836,41.870815417939","641801072","R","17","031","283100","2001"
