o_code,d_code,o_name,d_name,year,item,weight
10,3,Australia,Albania,2020,skins_sheep_nes,7.53
16,96,Bangladesh,"China, Hong Kong SAR",2006,skins_sheep_nes,1.0
133,233,Mali,Burkina Faso,2012,skins_sheep_nes,27.0
156,9,New Zealand,Argentina,1994,skins_sheep_nes,10.0
156,9,New Zealand,Argentina,2001,skins_sheep_nes,17.0
156,9,New Zealand,Argentina,2011,skins_sheep_nes,2.0
156,9,New Zealand,Argentina,2013,skins_sheep_nes,7.0
156,9,New Zealand,Argentina,2020,skins_sheep_nes,18.8
156,9,New Zealand,Argentina,2021,skins_sheep_nes,19.2
156,9,New Zealand,Argentina,2022,skins_sheep_nes,18.29
156,9,New Zealand,Argentina,2023,skins_sheep_nes,19.81
233,53,Burkina Faso,Benin,2015,skins_sheep_nes,0.3
206,59,Sudan (former),Egypt,2004,skins_sheep_nes,1.0
10,9,Australia,Argentina,1992,skins_sheep_nes,86.0
10,9,Australia,Argentina,1993,skins_sheep_nes,86.0
10,9,Australia,Argentina,1994,skins_sheep_nes,10.0
10,9,Australia,Argentina,1996,skins_sheep_nes,72.0
10,9,Australia,Argentina,1998,skins_sheep_nes,21.0
206,100,Sudan (former),India,2004,skins_sheep_nes,10.0
186,80,Serbia and Montenegro,Bosnia and Herzegovina,2004,skins_sheep_nes,22.0
206,106,Sudan (former),Italy,2009,skins_sheep_nes,12.0
249,41,Yemen,"China, mainland",2013,skins_sheep_nes,56.0
233,41,Burkina Faso,"China, mainland",2016,skins_sheep_nes,5.6
206,121,Sudan (former),Lebanon,2009,skins_sheep_nes,16.0
15,10,Belgium-Luxembourg,Australia,1986,skins_sheep_nes,11.0
233,214,Burkina Faso,"China, Taiwan Province of",2014,skins_sheep_nes,8.3
206,150,Sudan (former),Netherlands (Kingdom of the),2004,skins_sheep_nes,18.0
16,106,Bangladesh,Italy,2005,skins_sheep_nes,13.0
16,106,Bangladesh,Italy,2006,skins_sheep_nes,15.0
206,165,Sudan (former),Pakistan,2008,skins_sheep_nes,21.0
206,165,Sudan (former),Pakistan,2009,skins_sheep_nes,285.0
113,41,Kyrgyzstan,"China, mainland",1998,skins_sheep_nes,57.0
179,13,Qatar,Bahrain,2014,skins_sheep_nes,470.0
113,41,Kyrgyzstan,"China, mainland",2000,skins_sheep_nes,86.0
113,41,Kyrgyzstan,"China, mainland",2002,skins_sheep_nes,308.0
113,41,Kyrgyzstan,"China, mainland",2003,skins_sheep_nes,60.0
113,41,Kyrgyzstan,"China, mainland",2005,skins_sheep_nes,6.0
129,96,Madagascar,"China, Hong Kong SAR",2005,skins_sheep_nes,40.0
184,96,Rwanda,"China, Hong Kong SAR",2007,skins_sheep_nes,203.0
102,52,Iran (Islamic Republic of),Azerbaijan,1997,skins_sheep_nes,24.0
10,11,Australia,Austria,1990,skins_sheep_nes,44.0
206,200,Sudan (former),Singapore,2009,skins_sheep_nes,18.0
233,107,Burkina Faso,Côte d'Ivoire,2014,skins_sheep_nes,100.0
233,107,Burkina Faso,Côte d'Ivoire,2022,skins_sheep_nes,5.0
184,41,Rwanda,"China, mainland",2007,skins_sheep_nes,106.0
184,41,Rwanda,"China, mainland",2010,skins_sheep_nes,24.0
194,13,Saudi Arabia,Bahrain,2006,skins_sheep_nes,14.0
15,15,Belgium-Luxembourg,Belgium-Luxembourg,1986,skins_sheep_nes,1948.0
195,96,Senegal,"China, Hong Kong SAR",2012,skins_sheep_nes,17.0
195,96,Senegal,"China, Hong Kong SAR",2013,skins_sheep_nes,74.0
113,100,Kyrgyzstan,India,2000,skins_sheep_nes,53.0
113,100,Kyrgyzstan,India,2005,skins_sheep_nes,9.0
133,158,Mali,Niger,2012,skins_sheep_nes,42.0
133,159,Mali,Nigeria,2012,skins_sheep_nes,219.0
102,41,Iran (Islamic Republic of),"China, mainland",2021,skins_sheep_nes,34.09
195,41,Senegal,"China, mainland",2012,skins_sheep_nes,145.0
195,41,Senegal,"China, mainland",2013,skins_sheep_nes,236.0
233,68,Burkina Faso,France,2015,skins_sheep_nes,0.01
179,96,Qatar,"China, Hong Kong SAR",2016,skins_sheep_nes,503.36
179,96,Qatar,"China, Hong Kong SAR",2017,skins_sheep_nes,1132.72
179,96,Qatar,"China, Hong Kong SAR",2018,skins_sheep_nes,825.0
179,96,Qatar,"China, Hong Kong SAR",2019,skins_sheep_nes,199.8
133,195,Mali,Senegal,2012,skins_sheep_nes,134.0
102,72,Iran (Islamic Republic of),Djibouti,2017,skins_sheep_nes,25.0
102,238,Iran (Islamic Republic of),Ethiopia,2021,skins_sheep_nes,131.4
108,41,Kazakhstan,"China, mainland",2006,skins_sheep_nes,181.0
179,41,Qatar,"China, mainland",2016,skins_sheep_nes,135.16
102,68,Iran (Islamic Republic of),France,1997,skins_sheep_nes,71.0
102,68,Iran (Islamic Republic of),France,1998,skins_sheep_nes,20.0
102,68,Iran (Islamic Republic of),France,1999,skins_sheep_nes,25.0
128,96,"China, Macao SAR","China, Hong Kong SAR",1989,skins_sheep_nes,1.0
53,100,Benin,India,1999,skins_sheep_nes,10.0
233,81,Burkina Faso,Ghana,2010,skins_sheep_nes,19.0
233,81,Burkina Faso,Ghana,2011,skins_sheep_nes,21.0
184,100,Rwanda,India,2007,skins_sheep_nes,115.0
199,255,Slovakia,Belgium,2003,skins_sheep_nes,12.0
10,255,Australia,Belgium,2000,skins_sheep_nes,51.0
10,255,Australia,Belgium,2001,skins_sheep_nes,26.0
10,255,Australia,Belgium,2002,skins_sheep_nes,232.0
10,255,Australia,Belgium,2003,skins_sheep_nes,250.0
10,255,Australia,Belgium,2004,skins_sheep_nes,395.0
10,255,Australia,Belgium,2005,skins_sheep_nes,33.0
10,255,Australia,Belgium,2006,skins_sheep_nes,105.0
184,106,Rwanda,Italy,2007,skins_sheep_nes,384.0
102,79,Iran (Islamic Republic of),Germany,1999,skins_sheep_nes,40.0
102,79,Iran (Islamic Republic of),Germany,2000,skins_sheep_nes,20.0
102,79,Iran (Islamic Republic of),Germany,2002,skins_sheep_nes,20.0
102,79,Iran (Islamic Republic of),Germany,2014,skins_sheep_nes,42.0
102,79,Iran (Islamic Republic of),Germany,2016,skins_sheep_nes,43.5
156,10,New Zealand,Australia,1986,skins_sheep_nes,11.0
156,10,New Zealand,Australia,1987,skins_sheep_nes,21.0
156,10,New Zealand,Australia,1988,skins_sheep_nes,10.0
156,10,New Zealand,Australia,1989,skins_sheep_nes,10.0
156,10,New Zealand,Australia,1990,skins_sheep_nes,33.0
156,10,New Zealand,Australia,1991,skins_sheep_nes,24.0
156,10,New Zealand,Australia,1992,skins_sheep_nes,70.0
156,10,New Zealand,Australia,1993,skins_sheep_nes,467.0
156,10,New Zealand,Australia,1994,skins_sheep_nes,14.0
156,10,New Zealand,Australia,1995,skins_sheep_nes,35.0
156,10,New Zealand,Australia,1996,skins_sheep_nes,17.0
156,10,New Zealand,Australia,1997,skins_sheep_nes,11.0
156,10,New Zealand,Australia,1998,skins_sheep_nes,35.0
156,10,New Zealand,Australia,2000,skins_sheep_nes,9.0
156,10,New Zealand,Australia,2001,skins_sheep_nes,1.0
156,10,New Zealand,Australia,2002,skins_sheep_nes,12.0
156,10,New Zealand,Australia,2008,skins_sheep_nes,52.0
156,10,New Zealand,Australia,2009,skins_sheep_nes,13.0
156,10,New Zealand,Australia,2017,skins_sheep_nes,3.32
156,10,New Zealand,Australia,2021,skins_sheep_nes,0.25
15,96,Belgium-Luxembourg,"China, Hong Kong SAR",1986,skins_sheep_nes,1.0
10,15,Australia,Belgium-Luxembourg,1991,skins_sheep_nes,17.0
10,15,Australia,Belgium-Luxembourg,1992,skins_sheep_nes,5.0
10,15,Australia,Belgium-Luxembourg,1993,skins_sheep_nes,61.0
10,15,Australia,Belgium-Luxembourg,1994,skins_sheep_nes,133.0
10,15,Australia,Belgium-Luxembourg,1995,skins_sheep_nes,125.0
10,15,Australia,Belgium-Luxembourg,1996,skins_sheep_nes,350.0
10,15,Australia,Belgium-Luxembourg,1997,skins_sheep_nes,40.0
10,15,Australia,Belgium-Luxembourg,1998,skins_sheep_nes,34.0
10,15,Australia,Belgium-Luxembourg,1999,skins_sheep_nes,132.0
102,99,Iran (Islamic Republic of),Iceland,2000,skins_sheep_nes,17.0
194,96,Saudi Arabia,"China, Hong Kong SAR",2018,skins_sheep_nes,47.84
102,100,Iran (Islamic Republic of),India,1997,skins_sheep_nes,31.0
102,100,Iran (Islamic Republic of),India,1999,skins_sheep_nes,50.0
102,100,Iran (Islamic Republic of),India,2000,skins_sheep_nes,1.0
102,100,Iran (Islamic Republic of),India,2005,skins_sheep_nes,23.0
102,100,Iran (Islamic Republic of),India,2014,skins_sheep_nes,212.75
102,100,Iran (Islamic Republic of),India,2016,skins_sheep_nes,339.89
102,100,Iran (Islamic Republic of),India,2017,skins_sheep_nes,101.26
102,100,Iran (Islamic Republic of),India,2018,skins_sheep_nes,239.15
102,100,Iran (Islamic Republic of),India,2020,skins_sheep_nes,215.18
102,100,Iran (Islamic Republic of),India,2021,skins_sheep_nes,488.74
102,101,Iran (Islamic Republic of),Indonesia,1999,skins_sheep_nes,40.0
143,41,Morocco,"China, mainland",2009,skins_sheep_nes,1.0
225,13,United Arab Emirates,Bahrain,2005,skins_sheep_nes,4.0
225,13,United Arab Emirates,Bahrain,2007,skins_sheep_nes,2.0
113,141,Kyrgyzstan,Mongolia,2000,skins_sheep_nes,60.0
184,114,Rwanda,Kenya,2007,skins_sheep_nes,352.0
184,114,Rwanda,Kenya,2010,skins_sheep_nes,308.0
184,114,Rwanda,Kenya,2014,skins_sheep_nes,102.5
184,114,Rwanda,Kenya,2015,skins_sheep_nes,531.62
184,114,Rwanda,Kenya,2016,skins_sheep_nes,382.8
184,114,Rwanda,Kenya,2017,skins_sheep_nes,409.2
184,114,Rwanda,Kenya,2018,skins_sheep_nes,260.5
184,114,Rwanda,Kenya,2019,skins_sheep_nes,104.0
184,114,Rwanda,Kenya,2020,skins_sheep_nes,106.25
184,114,Rwanda,Kenya,2021,skins_sheep_nes,168.61
184,114,Rwanda,Kenya,2022,skins_sheep_nes,213.97
15,214,Belgium-Luxembourg,"China, Taiwan Province of",1986,skins_sheep_nes,1.0
233,133,Burkina Faso,Mali,2010,skins_sheep_nes,3.0
233,133,Burkina Faso,Mali,2016,skins_sheep_nes,20.0
233,133,Burkina Faso,Mali,2018,skins_sheep_nes,3.0
59,41,Egypt,"China, mainland",2011,skins_sheep_nes,15.0
59,41,Egypt,"China, mainland",2013,skins_sheep_nes,169.0
80,98,Bosnia and Herzegovina,Croatia,2007,skins_sheep_nes,7.0
80,98,Bosnia and Herzegovina,Croatia,2012,skins_sheep_nes,17.0
113,165,Kyrgyzstan,Pakistan,2005,skins_sheep_nes,6.0
102,103,Iran (Islamic Republic of),Iraq,2001,skins_sheep_nes,6.0
102,103,Iran (Islamic Republic of),Iraq,2003,skins_sheep_nes,19.0
194,41,Saudi Arabia,"China, mainland",2006,skins_sheep_nes,19.0
102,103,Iran (Islamic Republic of),Iraq,2020,skins_sheep_nes,211.74
194,41,Saudi Arabia,"China, mainland",2007,skins_sheep_nes,546.0
194,41,Saudi Arabia,"China, mainland",2017,skins_sheep_nes,8.8
194,41,Saudi Arabia,"China, mainland",2018,skins_sheep_nes,20.08
194,41,Saudi Arabia,"China, mainland",2020,skins_sheep_nes,608.5
194,41,Saudi Arabia,"China, mainland",2021,skins_sheep_nes,44.6
53,158,Benin,Niger,2000,skins_sheep_nes,9.0
10,21,Australia,Brazil,1996,skins_sheep_nes,38.0
10,21,Australia,Brazil,1997,skins_sheep_nes,98.0
102,106,Iran (Islamic Republic of),Italy,1997,skins_sheep_nes,14503.0
102,106,Iran (Islamic Republic of),Italy,1998,skins_sheep_nes,12424.0
102,106,Iran (Islamic Republic of),Italy,1999,skins_sheep_nes,17994.0
102,106,Iran (Islamic Republic of),Italy,2000,skins_sheep_nes,14529.0
102,106,Iran (Islamic Republic of),Italy,2001,skins_sheep_nes,12138.0
102,106,Iran (Islamic Republic of),Italy,2002,skins_sheep_nes,4754.0
102,106,Iran (Islamic Republic of),Italy,2003,skins_sheep_nes,4014.0
102,106,Iran (Islamic Republic of),Italy,2004,skins_sheep_nes,282.0
102,106,Iran (Islamic Republic of),Italy,2005,skins_sheep_nes,89.0
102,106,Iran (Islamic Republic of),Italy,2010,skins_sheep_nes,592.0
102,106,Iran (Islamic Republic of),Italy,2014,skins_sheep_nes,6754.77
102,106,Iran (Islamic Republic of),Italy,2016,skins_sheep_nes,5360.83
102,106,Iran (Islamic Republic of),Italy,2017,skins_sheep_nes,2972.08
102,106,Iran (Islamic Republic of),Italy,2018,skins_sheep_nes,3007.1
102,106,Iran (Islamic Republic of),Italy,2020,skins_sheep_nes,2696.39
102,106,Iran (Islamic Republic of),Italy,2021,skins_sheep_nes,2740.57
184,150,Rwanda,Netherlands (Kingdom of the),2007,skins_sheep_nes,18.0
225,16,United Arab Emirates,Bangladesh,2005,skins_sheep_nes,34.0
165,40,Pakistan,Chile,2019,skins_sheep_nes,0.03
233,158,Burkina Faso,Niger,2010,skins_sheep_nes,11.0
233,158,Burkina Faso,Niger,2012,skins_sheep_nes,367.0
233,158,Burkina Faso,Niger,2013,skins_sheep_nes,43.0
156,16,New Zealand,Bangladesh,1992,skins_sheep_nes,2.0
156,16,New Zealand,Bangladesh,1993,skins_sheep_nes,1.0
10,26,Australia,Brunei Darussalam,1997,skins_sheep_nes,1.0
156,255,New Zealand,Belgium,2000,skins_sheep_nes,2014.0
156,255,New Zealand,Belgium,2001,skins_sheep_nes,831.0
156,255,New Zealand,Belgium,2002,skins_sheep_nes,655.0
156,255,New Zealand,Belgium,2003,skins_sheep_nes,441.0
156,255,New Zealand,Belgium,2004,skins_sheep_nes,1192.0
156,255,New Zealand,Belgium,2005,skins_sheep_nes,966.0
156,255,New Zealand,Belgium,2006,skins_sheep_nes,1083.0
156,255,New Zealand,Belgium,2008,skins_sheep_nes,1294.0
156,255,New Zealand,Belgium,2009,skins_sheep_nes,586.0
156,255,New Zealand,Belgium,2011,skins_sheep_nes,5.0
19,100,Bolivia (Plurinational State of),India,2009,skins_sheep_nes,16.0
184,211,Rwanda,Switzerland,2007,skins_sheep_nes,21.0
194,72,Saudi Arabia,Djibouti,2018,skins_sheep_nes,37.54
194,72,Saudi Arabia,Djibouti,2019,skins_sheep_nes,25.0
156,15,New Zealand,Belgium-Luxembourg,1986,skins_sheep_nes,1948.0
156,15,New Zealand,Belgium-Luxembourg,1987,skins_sheep_nes,1013.0
156,15,New Zealand,Belgium-Luxembourg,1988,skins_sheep_nes,1619.0
156,15,New Zealand,Belgium-Luxembourg,1989,skins_sheep_nes,1619.0
156,15,New Zealand,Belgium-Luxembourg,1990,skins_sheep_nes,2309.0
156,15,New Zealand,Belgium-Luxembourg,1991,skins_sheep_nes,1469.0
156,15,New Zealand,Belgium-Luxembourg,1992,skins_sheep_nes,2001.0
156,15,New Zealand,Belgium-Luxembourg,1993,skins_sheep_nes,2090.0
156,15,New Zealand,Belgium-Luxembourg,1994,skins_sheep_nes,1985.0
156,15,New Zealand,Belgium-Luxembourg,1995,skins_sheep_nes,2089.0
156,15,New Zealand,Belgium-Luxembourg,1996,skins_sheep_nes,2011.0
156,15,New Zealand,Belgium-Luxembourg,1997,skins_sheep_nes,1879.0
156,15,New Zealand,Belgium-Luxembourg,1998,skins_sheep_nes,1129.0
156,15,New Zealand,Belgium-Luxembourg,1999,skins_sheep_nes,964.0
113,185,Kyrgyzstan,Russian Federation,1999,skins_sheep_nes,36.0
113,185,Kyrgyzstan,Russian Federation,2000,skins_sheep_nes,10.0
80,68,Bosnia and Herzegovina,France,2005,skins_sheep_nes,22.0
251,174,Zambia,Portugal,1993,skins_sheep_nes,8.0
102,138,Iran (Islamic Republic of),Mexico,2003,skins_sheep_nes,42.0
165,41,Pakistan,"China, mainland",2010,skins_sheep_nes,2.0
156,21,New Zealand,Brazil,1991,skins_sheep_nes,7.0
156,21,New Zealand,Brazil,2009,skins_sheep_nes,38.0
156,21,New Zealand,Brazil,2021,skins_sheep_nes,0.61
156,21,New Zealand,Brazil,2023,skins_sheep_nes,17.7
179,100,Qatar,India,2016,skins_sheep_nes,283.86
179,100,Qatar,India,2018,skins_sheep_nes,50.0
184,226,Rwanda,Uganda,2007,skins_sheep_nes,69.0
184,226,Rwanda,Uganda,2014,skins_sheep_nes,320.34
184,226,Rwanda,Uganda,2015,skins_sheep_nes,96.92
184,226,Rwanda,Uganda,2016,skins_sheep_nes,52.5
184,226,Rwanda,Uganda,2017,skins_sheep_nes,30.0
184,226,Rwanda,Uganda,2020,skins_sheep_nes,16.0
184,226,Rwanda,Uganda,2021,skins_sheep_nes,6.0
156,27,New Zealand,Bulgaria,1988,skins_sheep_nes,10.0
156,27,New Zealand,Bulgaria,1989,skins_sheep_nes,10.0
156,27,New Zealand,Bulgaria,1990,skins_sheep_nes,18.0
156,27,New Zealand,Bulgaria,1994,skins_sheep_nes,14.0
156,27,New Zealand,Bulgaria,2000,skins_sheep_nes,24.0
194,59,Saudi Arabia,Egypt,2007,skins_sheep_nes,32.0
121,96,Lebanon,"China, Hong Kong SAR",2011,skins_sheep_nes,45.0
156,115,New Zealand,Cambodia,2020,skins_sheep_nes,14.84
156,115,New Zealand,Cambodia,2021,skins_sheep_nes,1.49
156,115,New Zealand,Cambodia,2022,skins_sheep_nes,42.97
156,115,New Zealand,Cambodia,2023,skins_sheep_nes,56.55
156,32,New Zealand,Cameroon,2023,skins_sheep_nes,3.55
194,238,Saudi Arabia,Ethiopia,2018,skins_sheep_nes,16.5
194,238,Saudi Arabia,Ethiopia,2020,skins_sheep_nes,178.48
194,238,Saudi Arabia,Ethiopia,2021,skins_sheep_nes,40.0
195,100,Senegal,India,2012,skins_sheep_nes,40.0
195,100,Senegal,India,2013,skins_sheep_nes,20.0
10,33,Australia,Canada,1993,skins_sheep_nes,22.0
10,33,Australia,Canada,1994,skins_sheep_nes,30.0
10,33,Australia,Canada,1996,skins_sheep_nes,11.0
10,33,Australia,Canada,1998,skins_sheep_nes,50.0
10,33,Australia,Canada,2000,skins_sheep_nes,4.0
10,33,Australia,Canada,2001,skins_sheep_nes,21.0
10,33,Australia,Canada,2002,skins_sheep_nes,4.0
102,165,Iran (Islamic Republic of),Pakistan,1997,skins_sheep_nes,134.0
102,165,Iran (Islamic Republic of),Pakistan,1998,skins_sheep_nes,18.0
102,165,Iran (Islamic Republic of),Pakistan,1999,skins_sheep_nes,109.0
102,165,Iran (Islamic Republic of),Pakistan,2000,skins_sheep_nes,94.0
102,165,Iran (Islamic Republic of),Pakistan,2001,skins_sheep_nes,128.0
102,165,Iran (Islamic Republic of),Pakistan,2003,skins_sheep_nes,116.0
102,165,Iran (Islamic Republic of),Pakistan,2004,skins_sheep_nes,10.0
102,165,Iran (Islamic Republic of),Pakistan,2005,skins_sheep_nes,80.0
102,165,Iran (Islamic Republic of),Pakistan,2010,skins_sheep_nes,279.0
102,165,Iran (Islamic Republic of),Pakistan,2014,skins_sheep_nes,11086.3
102,165,Iran (Islamic Republic of),Pakistan,2016,skins_sheep_nes,8545.08
102,165,Iran (Islamic Republic of),Pakistan,2017,skins_sheep_nes,8111.9
102,165,Iran (Islamic Republic of),Pakistan,2018,skins_sheep_nes,8590.16
102,165,Iran (Islamic Republic of),Pakistan,2020,skins_sheep_nes,8654.8
102,165,Iran (Islamic Republic of),Pakistan,2021,skins_sheep_nes,14697.4
113,223,Kyrgyzstan,Türkiye,1998,skins_sheep_nes,42.0
113,223,Kyrgyzstan,Türkiye,1999,skins_sheep_nes,24.0
113,223,Kyrgyzstan,Türkiye,2000,skins_sheep_nes,107.0
113,223,Kyrgyzstan,Türkiye,2002,skins_sheep_nes,120.0
113,223,Kyrgyzstan,Türkiye,2003,skins_sheep_nes,171.0
113,223,Kyrgyzstan,Türkiye,2004,skins_sheep_nes,212.0
113,223,Kyrgyzstan,Türkiye,2005,skins_sheep_nes,144.0
185,27,Russian Federation,Bulgaria,1998,skins_sheep_nes,3.0
185,27,Russian Federation,Bulgaria,2000,skins_sheep_nes,31.0
185,27,Russian Federation,Bulgaria,2001,skins_sheep_nes,34.0
102,169,Iran (Islamic Republic of),Paraguay,1997,skins_sheep_nes,60.0
102,174,Iran (Islamic Republic of),Portugal,2020,skins_sheep_nes,0.95
156,33,New Zealand,Canada,1988,skins_sheep_nes,372.0
156,33,New Zealand,Canada,1989,skins_sheep_nes,372.0
156,33,New Zealand,Canada,1990,skins_sheep_nes,510.0
156,33,New Zealand,Canada,1991,skins_sheep_nes,467.0
156,33,New Zealand,Canada,1992,skins_sheep_nes,210.0
156,33,New Zealand,Canada,1993,skins_sheep_nes,52.0
156,33,New Zealand,Canada,1994,skins_sheep_nes,255.0
156,33,New Zealand,Canada,1995,skins_sheep_nes,248.0
156,33,New Zealand,Canada,1996,skins_sheep_nes,102.0
156,33,New Zealand,Canada,1997,skins_sheep_nes,63.0
156,33,New Zealand,Canada,1998,skins_sheep_nes,8.0
102,117,Iran (Islamic Republic of),Republic of Korea,1999,skins_sheep_nes,56.0
102,117,Iran (Islamic Republic of),Republic of Korea,2000,skins_sheep_nes,144.0
113,231,Kyrgyzstan,United States of America,2000,skins_sheep_nes,2.0
195,106,Senegal,Italy,2012,skins_sheep_nes,263.0
195,106,Senegal,Italy,2013,skins_sheep_nes,812.0
156,40,New Zealand,Chile,1988,skins_sheep_nes,4.0
156,40,New Zealand,Chile,1989,skins_sheep_nes,4.0
102,185,Iran (Islamic Republic of),Russian Federation,1997,skins_sheep_nes,2.0
15,67,Belgium-Luxembourg,Finland,1986,skins_sheep_nes,61.0
3,223,Albania,Türkiye,2020,skins_sheep_nes,82.34
165,67,Pakistan,Finland,2014,skins_sheep_nes,0.02
143,68,Morocco,France,2002,skins_sheep_nes,11.0
143,68,Morocco,France,2003,skins_sheep_nes,10.0
143,68,Morocco,France,2009,skins_sheep_nes,1.0
143,68,Morocco,France,2010,skins_sheep_nes,2.0
143,68,Morocco,France,2014,skins_sheep_nes,44.67
143,68,Morocco,France,2015,skins_sheep_nes,14.59
143,68,Morocco,France,2016,skins_sheep_nes,28.79
105,68,Israel,France,2003,skins_sheep_nes,8.0
102,203,Iran (Islamic Republic of),Spain,1997,skins_sheep_nes,60.0
102,203,Iran (Islamic Republic of),Spain,1998,skins_sheep_nes,78.0
102,203,Iran (Islamic Republic of),Spain,1999,skins_sheep_nes,99.0
102,203,Iran (Islamic Republic of),Spain,2000,skins_sheep_nes,95.0
102,203,Iran (Islamic Republic of),Spain,2001,skins_sheep_nes,99.0
102,203,Iran (Islamic Republic of),Spain,2002,skins_sheep_nes,20.0
102,203,Iran (Islamic Republic of),Spain,2003,skins_sheep_nes,42.0
102,203,Iran (Islamic Republic of),Spain,2014,skins_sheep_nes,41.23
102,203,Iran (Islamic Republic of),Spain,2016,skins_sheep_nes,297.6
102,203,Iran (Islamic Republic of),Spain,2017,skins_sheep_nes,36.3
102,203,Iran (Islamic Republic of),Spain,2018,skins_sheep_nes,118.32
102,203,Iran (Islamic Republic of),Spain,2020,skins_sheep_nes,49.02
102,203,Iran (Islamic Republic of),Spain,2021,skins_sheep_nes,44.7
147,202,Namibia,South Africa,2002,skins_sheep_nes,67.0
147,202,Namibia,South Africa,2003,skins_sheep_nes,205.0
147,202,Namibia,South Africa,2015,skins_sheep_nes,23.0
147,202,Namibia,South Africa,2016,skins_sheep_nes,28.0
108,113,Kazakhstan,Kyrgyzstan,2006,skins_sheep_nes,21.0
195,133,Senegal,Mali,2012,skins_sheep_nes,12.0
102,212,Iran (Islamic Republic of),Syrian Arab Republic,2017,skins_sheep_nes,51.1
179,118,Qatar,Kuwait,2017,skins_sheep_nes,537.0
179,118,Qatar,Kuwait,2018,skins_sheep_nes,600.0
225,41,United Arab Emirates,"China, mainland",2005,skins_sheep_nes,1007.0
225,41,United Arab Emirates,"China, mainland",2007,skins_sheep_nes,1291.0
225,41,United Arab Emirates,"China, mainland",2008,skins_sheep_nes,1368.0
156,96,New Zealand,"China, Hong Kong SAR",1986,skins_sheep_nes,1.0
156,96,New Zealand,"China, Hong Kong SAR",1991,skins_sheep_nes,567.0
156,96,New Zealand,"China, Hong Kong SAR",1992,skins_sheep_nes,965.0
156,96,New Zealand,"China, Hong Kong SAR",1993,skins_sheep_nes,431.0
156,96,New Zealand,"China, Hong Kong SAR",1994,skins_sheep_nes,366.0
156,96,New Zealand,"China, Hong Kong SAR",1995,skins_sheep_nes,141.0
156,96,New Zealand,"China, Hong Kong SAR",1996,skins_sheep_nes,1.0
156,96,New Zealand,"China, Hong Kong SAR",1998,skins_sheep_nes,25.0
156,96,New Zealand,"China, Hong Kong SAR",1999,skins_sheep_nes,73.0
156,96,New Zealand,"China, Hong Kong SAR",2000,skins_sheep_nes,155.0
156,96,New Zealand,"China, Hong Kong SAR",2001,skins_sheep_nes,37.0
156,96,New Zealand,"China, Hong Kong SAR",2002,skins_sheep_nes,70.0
156,96,New Zealand,"China, Hong Kong SAR",2003,skins_sheep_nes,15.0
156,96,New Zealand,"China, Hong Kong SAR",2004,skins_sheep_nes,234.0
156,96,New Zealand,"China, Hong Kong SAR",2005,skins_sheep_nes,323.0
156,96,New Zealand,"China, Hong Kong SAR",2006,skins_sheep_nes,751.0
156,96,New Zealand,"China, Hong Kong SAR",2008,skins_sheep_nes,947.0
156,96,New Zealand,"China, Hong Kong SAR",2009,skins_sheep_nes,444.0
156,96,New Zealand,"China, Hong Kong SAR",2010,skins_sheep_nes,765.0
156,96,New Zealand,"China, Hong Kong SAR",2011,skins_sheep_nes,257.0
156,96,New Zealand,"China, Hong Kong SAR",2013,skins_sheep_nes,40.0
156,96,New Zealand,"China, Hong Kong SAR",2018,skins_sheep_nes,10.7
210,96,Sweden,"China, Hong Kong SAR",1995,skins_sheep_nes,60.0
165,79,Pakistan,Germany,2002,skins_sheep_nes,3.0
80,106,Bosnia and Herzegovina,Italy,2003,skins_sheep_nes,29.0
80,106,Bosnia and Herzegovina,Italy,2006,skins_sheep_nes,512.0
80,106,Bosnia and Herzegovina,Italy,2007,skins_sheep_nes,2.0
80,106,Bosnia and Herzegovina,Italy,2010,skins_sheep_nes,1.0
185,41,Russian Federation,"China, mainland",1998,skins_sheep_nes,4.0
59,100,Egypt,India,2009,skins_sheep_nes,125.0
59,100,Egypt,India,2011,skins_sheep_nes,16.0
59,100,Egypt,India,2019,skins_sheep_nes,45.81
10,96,Australia,"China, Hong Kong SAR",1991,skins_sheep_nes,35.0
10,96,Australia,"China, Hong Kong SAR",1992,skins_sheep_nes,20.0
10,96,Australia,"China, Hong Kong SAR",1993,skins_sheep_nes,2.0
10,96,Australia,"China, Hong Kong SAR",1994,skins_sheep_nes,651.0
10,96,Australia,"China, Hong Kong SAR",1995,skins_sheep_nes,474.0
10,96,Australia,"China, Hong Kong SAR",1996,skins_sheep_nes,40.0
10,96,Australia,"China, Hong Kong SAR",1997,skins_sheep_nes,38.0
10,96,Australia,"China, Hong Kong SAR",1998,skins_sheep_nes,8.0
10,96,Australia,"China, Hong Kong SAR",1999,skins_sheep_nes,3.0
10,96,Australia,"China, Hong Kong SAR",2000,skins_sheep_nes,51.0
10,96,Australia,"China, Hong Kong SAR",2001,skins_sheep_nes,264.0
10,96,Australia,"China, Hong Kong SAR",2002,skins_sheep_nes,3.0
10,96,Australia,"China, Hong Kong SAR",2004,skins_sheep_nes,4.0
10,96,Australia,"China, Hong Kong SAR",2006,skins_sheep_nes,36.0
10,96,Australia,"China, Hong Kong SAR",2007,skins_sheep_nes,31.0
10,96,Australia,"China, Hong Kong SAR",2014,skins_sheep_nes,0.05
102,223,Iran (Islamic Republic of),Türkiye,1997,skins_sheep_nes,4943.0
102,223,Iran (Islamic Republic of),Türkiye,1998,skins_sheep_nes,1892.0
102,223,Iran (Islamic Republic of),Türkiye,1999,skins_sheep_nes,2658.0
102,223,Iran (Islamic Republic of),Türkiye,2000,skins_sheep_nes,2485.0
102,223,Iran (Islamic Republic of),Türkiye,2001,skins_sheep_nes,1880.0
102,223,Iran (Islamic Republic of),Türkiye,2002,skins_sheep_nes,1611.0
102,223,Iran (Islamic Republic of),Türkiye,2003,skins_sheep_nes,1199.0
102,223,Iran (Islamic Republic of),Türkiye,2004,skins_sheep_nes,917.0
102,223,Iran (Islamic Republic of),Türkiye,2005,skins_sheep_nes,913.0
102,223,Iran (Islamic Republic of),Türkiye,2010,skins_sheep_nes,2034.0
102,223,Iran (Islamic Republic of),Türkiye,2014,skins_sheep_nes,918.05
102,223,Iran (Islamic Republic of),Türkiye,2016,skins_sheep_nes,284.82
102,223,Iran (Islamic Republic of),Türkiye,2017,skins_sheep_nes,242.55
102,223,Iran (Islamic Republic of),Türkiye,2018,skins_sheep_nes,454.85
102,223,Iran (Islamic Republic of),Türkiye,2020,skins_sheep_nes,26.25
102,223,Iran (Islamic Republic of),Türkiye,2021,skins_sheep_nes,748.8
165,84,Pakistan,Greece,2002,skins_sheep_nes,1.0
15,68,Belgium-Luxembourg,France,1986,skins_sheep_nes,6671.0
194,100,Saudi Arabia,India,2001,skins_sheep_nes,35.0
194,100,Saudi Arabia,India,2007,skins_sheep_nes,53.0
194,100,Saudi Arabia,India,2015,skins_sheep_nes,92.0
194,100,Saudi Arabia,India,2016,skins_sheep_nes,22.0
194,100,Saudi Arabia,India,2018,skins_sheep_nes,38.13
194,100,Saudi Arabia,India,2019,skins_sheep_nes,542.17
194,100,Saudi Arabia,India,2020,skins_sheep_nes,1557.74
194,100,Saudi Arabia,India,2021,skins_sheep_nes,132.7
102,230,Iran (Islamic Republic of),Ukraine,1997,skins_sheep_nes,1963.0
102,230,Iran (Islamic Republic of),Ukraine,1998,skins_sheep_nes,30.0
195,150,Senegal,Netherlands (Kingdom of the),2012,skins_sheep_nes,15.0
194,101,Saudi Arabia,Indonesia,2021,skins_sheep_nes,81.0
210,41,Sweden,"China, mainland",1999,skins_sheep_nes,60.0
210,41,Sweden,"China, mainland",2000,skins_sheep_nes,111.0
195,165,Senegal,Pakistan,2012,skins_sheep_nes,442.0
195,165,Senegal,Pakistan,2013,skins_sheep_nes,747.0
273,223,Montenegro,Türkiye,2010,skins_sheep_nes,22.0
273,223,Montenegro,Türkiye,2014,skins_sheep_nes,22.27
102,225,Iran (Islamic Republic of),United Arab Emirates,1999,skins_sheep_nes,30.0
102,225,Iran (Islamic Republic of),United Arab Emirates,2005,skins_sheep_nes,20.0
102,225,Iran (Islamic Republic of),United Arab Emirates,2014,skins_sheep_nes,24.2
195,174,Senegal,Portugal,2013,skins_sheep_nes,95.0
102,229,Iran (Islamic Republic of),United Kingdom of Great Britain and Northern Ireland,1997,skins_sheep_nes,1.0
102,229,Iran (Islamic Republic of),United Kingdom of Great Britain and Northern Ireland,1998,skins_sheep_nes,2.0
102,229,Iran (Islamic Republic of),United Kingdom of Great Britain and Northern Ireland,1999,skins_sheep_nes,12.0
102,229,Iran (Islamic Republic of),United Kingdom of Great Britain and Northern Ireland,2001,skins_sheep_nes,2.0
195,194,Senegal,Saudi Arabia,2012,skins_sheep_nes,353.0
195,194,Senegal,Saudi Arabia,2013,skins_sheep_nes,545.0
156,41,New Zealand,"China, mainland",1988,skins_sheep_nes,21.0
156,41,New Zealand,"China, mainland",1989,skins_sheep_nes,21.0
156,41,New Zealand,"China, mainland",1990,skins_sheep_nes,20.0
156,41,New Zealand,"China, mainland",1991,skins_sheep_nes,95.0
156,41,New Zealand,"China, mainland",1992,skins_sheep_nes,303.0
156,41,New Zealand,"China, mainland",1993,skins_sheep_nes,778.0
156,41,New Zealand,"China, mainland",1994,skins_sheep_nes,2015.0
156,41,New Zealand,"China, mainland",1995,skins_sheep_nes,2199.0
156,41,New Zealand,"China, mainland",1996,skins_sheep_nes,3148.0
156,41,New Zealand,"China, mainland",1997,skins_sheep_nes,3036.0
156,41,New Zealand,"China, mainland",1998,skins_sheep_nes,1283.0
156,41,New Zealand,"China, mainland",1999,skins_sheep_nes,2290.0
156,41,New Zealand,"China, mainland",2000,skins_sheep_nes,3880.0
156,41,New Zealand,"China, mainland",2001,skins_sheep_nes,4620.0
156,41,New Zealand,"China, mainland",2002,skins_sheep_nes,4569.0
156,41,New Zealand,"China, mainland",2003,skins_sheep_nes,6224.0
156,41,New Zealand,"China, mainland",2004,skins_sheep_nes,19298.0
156,41,New Zealand,"China, mainland",2005,skins_sheep_nes,15820.0
156,41,New Zealand,"China, mainland",2006,skins_sheep_nes,15570.0
156,41,New Zealand,"China, mainland",2008,skins_sheep_nes,24853.0
156,41,New Zealand,"China, mainland",2009,skins_sheep_nes,12892.0
156,41,New Zealand,"China, mainland",2010,skins_sheep_nes,19524.0
156,41,New Zealand,"China, mainland",2011,skins_sheep_nes,9908.0
156,41,New Zealand,"China, mainland",2012,skins_sheep_nes,17007.0
156,41,New Zealand,"China, mainland",2013,skins_sheep_nes,10799.0
156,41,New Zealand,"China, mainland",2014,skins_sheep_nes,6877.83
156,41,New Zealand,"China, mainland",2015,skins_sheep_nes,8703.3
156,41,New Zealand,"China, mainland",2016,skins_sheep_nes,3037.48
156,41,New Zealand,"China, mainland",2017,skins_sheep_nes,3611.99
156,41,New Zealand,"China, mainland",2018,skins_sheep_nes,1268.33
156,41,New Zealand,"China, mainland",2019,skins_sheep_nes,895.48
156,41,New Zealand,"China, mainland",2020,skins_sheep_nes,211.71
156,41,New Zealand,"China, mainland",2021,skins_sheep_nes,72.46
156,41,New Zealand,"China, mainland",2022,skins_sheep_nes,10.69
156,41,New Zealand,"China, mainland",2023,skins_sheep_nes,216.87
59,106,Egypt,Italy,2009,skins_sheep_nes,162.0
59,106,Egypt,Italy,2011,skins_sheep_nes,991.0
59,106,Egypt,Italy,2013,skins_sheep_nes,31.0
102,237,Iran (Islamic Republic of),Viet Nam,2014,skins_sheep_nes,18.0
105,100,Israel,India,2014,skins_sheep_nes,6.9
105,100,Israel,India,2015,skins_sheep_nes,65.74
194,106,Saudi Arabia,Italy,2006,skins_sheep_nes,46.0
194,106,Saudi Arabia,Italy,2007,skins_sheep_nes,74.0
194,106,Saudi Arabia,Italy,2020,skins_sheep_nes,23.67
10,41,Australia,"China, mainland",1986,skins_sheep_nes,18.0
10,41,Australia,"China, mainland",1987,skins_sheep_nes,17.0
10,41,Australia,"China, mainland",1990,skins_sheep_nes,11.0
10,41,Australia,"China, mainland",1991,skins_sheep_nes,18.0
10,41,Australia,"China, mainland",1992,skins_sheep_nes,196.0
10,41,Australia,"China, mainland",1993,skins_sheep_nes,726.0
10,41,Australia,"China, mainland",1994,skins_sheep_nes,954.0
10,41,Australia,"China, mainland",1995,skins_sheep_nes,587.0
10,41,Australia,"China, mainland",1996,skins_sheep_nes,1999.0
10,41,Australia,"China, mainland",1997,skins_sheep_nes,1854.0
10,41,Australia,"China, mainland",1998,skins_sheep_nes,3577.0
10,41,Australia,"China, mainland",1999,skins_sheep_nes,526.0
10,41,Australia,"China, mainland",2000,skins_sheep_nes,1404.0
10,41,Australia,"China, mainland",2001,skins_sheep_nes,2708.0
10,41,Australia,"China, mainland",2002,skins_sheep_nes,8164.0
10,41,Australia,"China, mainland",2003,skins_sheep_nes,3880.0
10,41,Australia,"China, mainland",2004,skins_sheep_nes,5395.0
10,41,Australia,"China, mainland",2005,skins_sheep_nes,3337.0
10,41,Australia,"China, mainland",2006,skins_sheep_nes,4272.0
10,41,Australia,"China, mainland",2007,skins_sheep_nes,3140.0
10,41,Australia,"China, mainland",2008,skins_sheep_nes,3476.0
10,41,Australia,"China, mainland",2009,skins_sheep_nes,4515.0
10,41,Australia,"China, mainland",2010,skins_sheep_nes,4318.0
10,41,Australia,"China, mainland",2014,skins_sheep_nes,274.0
10,41,Australia,"China, mainland",2015,skins_sheep_nes,784.6
10,41,Australia,"China, mainland",2016,skins_sheep_nes,527.93
10,41,Australia,"China, mainland",2017,skins_sheep_nes,73.82
10,41,Australia,"China, mainland",2018,skins_sheep_nes,43.2
10,41,Australia,"China, mainland",2021,skins_sheep_nes,19.97
10,41,Australia,"China, mainland",2022,skins_sheep_nes,311.99
10,41,Australia,"China, mainland",2023,skins_sheep_nes,374.95
195,203,Senegal,Spain,2013,skins_sheep_nes,8.0
143,106,Morocco,Italy,2009,skins_sheep_nes,5.0
143,106,Morocco,Italy,2010,skins_sheep_nes,13.0
143,106,Morocco,Italy,2013,skins_sheep_nes,5.0
143,106,Morocco,Italy,2017,skins_sheep_nes,16.84
143,106,Morocco,Italy,2018,skins_sheep_nes,0.02
165,106,Pakistan,Italy,2015,skins_sheep_nes,0.5
179,165,Qatar,Pakistan,2017,skins_sheep_nes,198.5
179,165,Qatar,Pakistan,2018,skins_sheep_nes,478.7
179,165,Qatar,Pakistan,2019,skins_sheep_nes,257.6
179,165,Qatar,Pakistan,2020,skins_sheep_nes,659.63
156,214,New Zealand,"China, Taiwan Province of",1986,skins_sheep_nes,1.0
156,214,New Zealand,"China, Taiwan Province of",1993,skins_sheep_nes,7.0
156,214,New Zealand,"China, Taiwan Province of",1994,skins_sheep_nes,15.0
156,214,New Zealand,"China, Taiwan Province of",1998,skins_sheep_nes,1.0
15,84,Belgium-Luxembourg,Greece,1986,skins_sheep_nes,271.0
194,112,Saudi Arabia,Jordan,1998,skins_sheep_nes,5.0
194,112,Saudi Arabia,Jordan,2007,skins_sheep_nes,14.0
105,106,Israel,Italy,2000,skins_sheep_nes,77.0
105,106,Israel,Italy,2001,skins_sheep_nes,78.0
105,106,Israel,Italy,2002,skins_sheep_nes,98.0
105,106,Israel,Italy,2003,skins_sheep_nes,77.0
105,106,Israel,Italy,2004,skins_sheep_nes,18.0
105,106,Israel,Italy,2014,skins_sheep_nes,14.18
15,93,Belgium-Luxembourg,Haiti,1986,skins_sheep_nes,12.0
195,223,Senegal,Türkiye,2012,skins_sheep_nes,40.0
59,118,Egypt,Kuwait,2011,skins_sheep_nes,1.0
210,51,Sweden,Czechoslovakia,1990,skins_sheep_nes,22.0
210,51,Sweden,Czechoslovakia,1992,skins_sheep_nes,23.0
194,118,Saudi Arabia,Kuwait,2006,skins_sheep_nes,1.0
194,118,Saudi Arabia,Kuwait,2016,skins_sheep_nes,75.0
194,118,Saudi Arabia,Kuwait,2018,skins_sheep_nes,15.0
194,118,Saudi Arabia,Kuwait,2019,skins_sheep_nes,174.0
195,225,Senegal,United Arab Emirates,2013,skins_sheep_nes,22.0
10,214,Australia,"China, Taiwan Province of",1992,skins_sheep_nes,1.0
10,214,Australia,"China, Taiwan Province of",1994,skins_sheep_nes,3.0
10,214,Australia,"China, Taiwan Province of",1995,skins_sheep_nes,22.0
10,214,Australia,"China, Taiwan Province of",1997,skins_sheep_nes,10.0
10,214,Australia,"China, Taiwan Province of",1998,skins_sheep_nes,7.0
10,214,Australia,"China, Taiwan Province of",1999,skins_sheep_nes,3.0
10,214,Australia,"China, Taiwan Province of",2000,skins_sheep_nes,10.0
15,100,Belgium-Luxembourg,India,1986,skins_sheep_nes,4.0
179,200,Qatar,Singapore,2000,skins_sheep_nes,5.0
10,44,Australia,Colombia,2021,skins_sheep_nes,2.07
194,121,Saudi Arabia,Lebanon,2006,skins_sheep_nes,10.0
194,121,Saudi Arabia,Lebanon,2016,skins_sheep_nes,50.0
107,165,Côte d'Ivoire,Pakistan,2011,skins_sheep_nes,18.0
10,98,Australia,Croatia,2004,skins_sheep_nes,9.0
10,98,Australia,Croatia,2006,skins_sheep_nes,8.0
156,51,New Zealand,Czechoslovakia,1988,skins_sheep_nes,22.0
156,51,New Zealand,Czechoslovakia,1989,skins_sheep_nes,22.0
156,116,New Zealand,Democratic People's Republic of Korea,1990,skins_sheep_nes,44.0
194,131,Saudi Arabia,Malaysia,1998,skins_sheep_nes,43.0
194,131,Saudi Arabia,Malaysia,2020,skins_sheep_nes,6.1
194,131,Saudi Arabia,Malaysia,2021,skins_sheep_nes,82.0
10,50,Australia,Cyprus,1990,skins_sheep_nes,21.0
194,143,Saudi Arabia,Morocco,2019,skins_sheep_nes,22.0
10,54,Australia,Denmark,1996,skins_sheep_nes,6.0
10,54,Australia,Denmark,1997,skins_sheep_nes,15.0
179,212,Qatar,Syrian Arab Republic,2000,skins_sheep_nes,318.0
179,212,Qatar,Syrian Arab Republic,2003,skins_sheep_nes,16.0
108,223,Kazakhstan,Türkiye,2006,skins_sheep_nes,28.0
15,106,Belgium-Luxembourg,Italy,1986,skins_sheep_nes,9741.0
165,150,Pakistan,Netherlands (Kingdom of the),1990,skins_sheep_nes,18.0
10,59,Australia,Egypt,1996,skins_sheep_nes,54.0
15,110,Belgium-Luxembourg,Japan,1986,skins_sheep_nes,48.0
194,159,Saudi Arabia,Nigeria,2019,skins_sheep_nes,219.0
210,54,Sweden,Denmark,1986,skins_sheep_nes,1.0
210,54,Sweden,Denmark,1989,skins_sheep_nes,13.0
210,54,Sweden,Denmark,1990,skins_sheep_nes,57.0
179,223,Qatar,Türkiye,2000,skins_sheep_nes,1991.0
179,223,Qatar,Türkiye,2002,skins_sheep_nes,1142.0
179,223,Qatar,Türkiye,2003,skins_sheep_nes,844.0
179,223,Qatar,Türkiye,2016,skins_sheep_nes,1619.06
179,223,Qatar,Türkiye,2017,skins_sheep_nes,1084.51
179,223,Qatar,Türkiye,2018,skins_sheep_nes,2029.28
179,223,Qatar,Türkiye,2019,skins_sheep_nes,2258.76
179,223,Qatar,Türkiye,2020,skins_sheep_nes,1142.24
194,221,Saudi Arabia,Oman,2020,skins_sheep_nes,26.0
108,229,Kazakhstan,United Kingdom of Great Britain and Northern Ireland,2006,skins_sheep_nes,1.0
80,223,Bosnia and Herzegovina,Türkiye,2003,skins_sheep_nes,18.0
80,223,Bosnia and Herzegovina,Türkiye,2007,skins_sheep_nes,41.0
80,223,Bosnia and Herzegovina,Türkiye,2008,skins_sheep_nes,24.0
105,117,Israel,Republic of Korea,2003,skins_sheep_nes,323.0
105,117,Israel,Republic of Korea,2004,skins_sheep_nes,439.0
105,117,Israel,Republic of Korea,2005,skins_sheep_nes,542.0
105,117,Israel,Republic of Korea,2006,skins_sheep_nes,473.0
194,165,Saudi Arabia,Pakistan,1998,skins_sheep_nes,180.0
194,165,Saudi Arabia,Pakistan,2001,skins_sheep_nes,36.0
194,165,Saudi Arabia,Pakistan,2006,skins_sheep_nes,22.0
194,165,Saudi Arabia,Pakistan,2007,skins_sheep_nes,396.0
194,165,Saudi Arabia,Pakistan,2018,skins_sheep_nes,18.6
194,165,Saudi Arabia,Pakistan,2019,skins_sheep_nes,1940.85
194,165,Saudi Arabia,Pakistan,2020,skins_sheep_nes,616.59
194,165,Saudi Arabia,Pakistan,2021,skins_sheep_nes,66.66
179,225,Qatar,United Arab Emirates,2000,skins_sheep_nes,237.0
179,225,Qatar,United Arab Emirates,2003,skins_sheep_nes,5.0
179,225,Qatar,United Arab Emirates,2014,skins_sheep_nes,70.0
10,66,Australia,Fiji,1997,skins_sheep_nes,1.0
10,66,Australia,Fiji,2016,skins_sheep_nes,0.23
10,66,Australia,Fiji,2017,skins_sheep_nes,15.69
156,67,New Zealand,Finland,1986,skins_sheep_nes,61.0
156,67,New Zealand,Finland,1988,skins_sheep_nes,10.0
156,67,New Zealand,Finland,1989,skins_sheep_nes,10.0
225,100,United Arab Emirates,India,2005,skins_sheep_nes,154.0
225,100,United Arab Emirates,India,2007,skins_sheep_nes,200.0
225,100,United Arab Emirates,India,2008,skins_sheep_nes,107.0
10,67,Australia,Finland,1993,skins_sheep_nes,51.0
10,67,Australia,Finland,1994,skins_sheep_nes,39.0
10,67,Australia,Finland,1995,skins_sheep_nes,17.0
10,67,Australia,Finland,1998,skins_sheep_nes,18.0
10,67,Australia,Finland,2000,skins_sheep_nes,19.0
10,67,Australia,Finland,2001,skins_sheep_nes,13.0
10,67,Australia,Finland,2002,skins_sheep_nes,97.0
10,67,Australia,Finland,2003,skins_sheep_nes,74.0
10,67,Australia,Finland,2004,skins_sheep_nes,4.0
10,67,Australia,Finland,2005,skins_sheep_nes,18.0
10,67,Australia,Finland,2006,skins_sheep_nes,72.0
98,106,Croatia,Italy,2002,skins_sheep_nes,10.0
98,106,Croatia,Italy,2003,skins_sheep_nes,2.0
156,68,New Zealand,France,1986,skins_sheep_nes,6671.0
156,68,New Zealand,France,1987,skins_sheep_nes,6294.0
156,68,New Zealand,France,1988,skins_sheep_nes,4807.0
156,68,New Zealand,France,1989,skins_sheep_nes,4807.0
156,68,New Zealand,France,1990,skins_sheep_nes,3330.0
156,68,New Zealand,France,1991,skins_sheep_nes,2332.0
156,68,New Zealand,France,1992,skins_sheep_nes,1287.0
156,68,New Zealand,France,1993,skins_sheep_nes,747.0
156,68,New Zealand,France,1994,skins_sheep_nes,621.0
156,68,New Zealand,France,1995,skins_sheep_nes,628.0
156,68,New Zealand,France,1996,skins_sheep_nes,594.0
156,68,New Zealand,France,1997,skins_sheep_nes,639.0
156,68,New Zealand,France,1998,skins_sheep_nes,1074.0
156,68,New Zealand,France,1999,skins_sheep_nes,637.0
156,68,New Zealand,France,2000,skins_sheep_nes,322.0
156,68,New Zealand,France,2001,skins_sheep_nes,341.0
156,68,New Zealand,France,2002,skins_sheep_nes,1332.0
156,68,New Zealand,France,2003,skins_sheep_nes,2168.0
156,68,New Zealand,France,2004,skins_sheep_nes,4115.0
156,68,New Zealand,France,2005,skins_sheep_nes,4377.0
156,68,New Zealand,France,2006,skins_sheep_nes,5458.0
156,68,New Zealand,France,2008,skins_sheep_nes,4585.0
156,68,New Zealand,France,2009,skins_sheep_nes,5094.0
156,68,New Zealand,France,2010,skins_sheep_nes,4567.0
156,68,New Zealand,France,2011,skins_sheep_nes,2290.0
156,68,New Zealand,France,2012,skins_sheep_nes,3296.0
156,68,New Zealand,France,2013,skins_sheep_nes,2146.0
156,68,New Zealand,France,2014,skins_sheep_nes,2494.83
156,68,New Zealand,France,2015,skins_sheep_nes,3105.26
156,68,New Zealand,France,2016,skins_sheep_nes,2804.13
156,68,New Zealand,France,2017,skins_sheep_nes,3577.62
156,68,New Zealand,France,2018,skins_sheep_nes,2283.99
156,68,New Zealand,France,2019,skins_sheep_nes,1076.74
156,68,New Zealand,France,2020,skins_sheep_nes,1346.9
156,68,New Zealand,France,2021,skins_sheep_nes,158.19
156,68,New Zealand,France,2022,skins_sheep_nes,157.56
156,68,New Zealand,France,2023,skins_sheep_nes,400.79
194,174,Saudi Arabia,Portugal,2015,skins_sheep_nes,22.0
59,179,Egypt,Qatar,2011,skins_sheep_nes,1.0
199,106,Slovakia,Italy,2002,skins_sheep_nes,6.0
59,117,Egypt,Republic of Korea,2006,skins_sheep_nes,8.0
59,117,Egypt,Republic of Korea,2011,skins_sheep_nes,2.0
194,179,Saudi Arabia,Qatar,1998,skins_sheep_nes,6.0
194,117,Saudi Arabia,Republic of Korea,2001,skins_sheep_nes,60.0
10,68,Australia,France,1986,skins_sheep_nes,60.0
10,68,Australia,France,1987,skins_sheep_nes,111.0
10,68,Australia,France,1988,skins_sheep_nes,208.0
10,68,Australia,France,1989,skins_sheep_nes,36.0
10,68,Australia,France,1990,skins_sheep_nes,27.0
10,68,Australia,France,1991,skins_sheep_nes,272.0
10,68,Australia,France,1992,skins_sheep_nes,3172.0
10,68,Australia,France,1993,skins_sheep_nes,3408.0
10,68,Australia,France,1994,skins_sheep_nes,3069.0
10,68,Australia,France,1995,skins_sheep_nes,1594.0
10,68,Australia,France,1996,skins_sheep_nes,828.0
10,68,Australia,France,1997,skins_sheep_nes,281.0
10,68,Australia,France,1998,skins_sheep_nes,256.0
10,68,Australia,France,1999,skins_sheep_nes,416.0
10,68,Australia,France,2000,skins_sheep_nes,46.0
10,68,Australia,France,2002,skins_sheep_nes,259.0
10,68,Australia,France,2003,skins_sheep_nes,29.0
10,68,Australia,France,2004,skins_sheep_nes,36.0
118,223,Kuwait,Türkiye,2000,skins_sheep_nes,135.0
118,223,Kuwait,Türkiye,2001,skins_sheep_nes,237.0
225,102,United Arab Emirates,Iran (Islamic Republic of),2008,skins_sheep_nes,1.0
15,150,Belgium-Luxembourg,Netherlands (Kingdom of the),1986,skins_sheep_nes,1042.0
194,203,Saudi Arabia,Spain,1998,skins_sheep_nes,40.0
194,203,Saudi Arabia,Spain,2007,skins_sheep_nes,36.0
194,203,Saudi Arabia,Spain,2016,skins_sheep_nes,68.0
156,79,New Zealand,Germany,1992,skins_sheep_nes,22.0
156,79,New Zealand,Germany,1993,skins_sheep_nes,115.0
156,79,New Zealand,Germany,1994,skins_sheep_nes,23.0
156,79,New Zealand,Germany,1995,skins_sheep_nes,29.0
156,79,New Zealand,Germany,1996,skins_sheep_nes,18.0
156,79,New Zealand,Germany,1997,skins_sheep_nes,5.0
156,79,New Zealand,Germany,1998,skins_sheep_nes,29.0
156,79,New Zealand,Germany,1999,skins_sheep_nes,12.0
156,79,New Zealand,Germany,2018,skins_sheep_nes,1.81
10,79,Australia,Germany,1991,skins_sheep_nes,58.0
10,79,Australia,Germany,1992,skins_sheep_nes,1.0
10,79,Australia,Germany,1993,skins_sheep_nes,323.0
10,79,Australia,Germany,1994,skins_sheep_nes,50.0
10,79,Australia,Germany,1995,skins_sheep_nes,60.0
10,79,Australia,Germany,1996,skins_sheep_nes,107.0
10,79,Australia,Germany,1997,skins_sheep_nes,40.0
10,79,Australia,Germany,1998,skins_sheep_nes,1.0
10,79,Australia,Germany,1999,skins_sheep_nes,73.0
10,79,Australia,Germany,2000,skins_sheep_nes,39.0
10,79,Australia,Germany,2002,skins_sheep_nes,138.0
10,79,Australia,Germany,2003,skins_sheep_nes,398.0
10,79,Australia,Germany,2004,skins_sheep_nes,135.0
156,84,New Zealand,Greece,1986,skins_sheep_nes,271.0
156,84,New Zealand,Greece,1987,skins_sheep_nes,160.0
156,84,New Zealand,Greece,1988,skins_sheep_nes,38.0
156,84,New Zealand,Greece,1989,skins_sheep_nes,38.0
156,84,New Zealand,Greece,1990,skins_sheep_nes,20.0
156,84,New Zealand,Greece,1992,skins_sheep_nes,20.0
156,84,New Zealand,Greece,1994,skins_sheep_nes,1.0
156,84,New Zealand,Greece,1995,skins_sheep_nes,4.0
156,84,New Zealand,Greece,1997,skins_sheep_nes,25.0
156,84,New Zealand,Greece,1998,skins_sheep_nes,1480.0
156,84,New Zealand,Greece,1999,skins_sheep_nes,179.0
156,84,New Zealand,Greece,2000,skins_sheep_nes,158.0
156,84,New Zealand,Greece,2002,skins_sheep_nes,12.0
156,84,New Zealand,Greece,2005,skins_sheep_nes,41.0
156,84,New Zealand,Greece,2006,skins_sheep_nes,73.0
156,84,New Zealand,Greece,2008,skins_sheep_nes,113.0
156,84,New Zealand,Greece,2011,skins_sheep_nes,28.0
156,84,New Zealand,Greece,2012,skins_sheep_nes,5.0
156,84,New Zealand,Greece,2013,skins_sheep_nes,22.0
156,90,New Zealand,Guinea,1988,skins_sheep_nes,9.0
156,90,New Zealand,Guinea,1989,skins_sheep_nes,9.0
156,93,New Zealand,Haiti,1986,skins_sheep_nes,12.0
10,84,Australia,Greece,1986,skins_sheep_nes,6.0
10,84,Australia,Greece,1987,skins_sheep_nes,11.0
10,84,Australia,Greece,1994,skins_sheep_nes,42.0
10,84,Australia,Greece,1995,skins_sheep_nes,40.0
10,84,Australia,Greece,1996,skins_sheep_nes,9.0
10,84,Australia,Greece,2002,skins_sheep_nes,23.0
10,84,Australia,Greece,2003,skins_sheep_nes,49.0
10,84,Australia,Greece,2004,skins_sheep_nes,131.0
10,84,Australia,Greece,2006,skins_sheep_nes,21.0
15,165,Belgium-Luxembourg,Pakistan,1986,skins_sheep_nes,90.0
59,203,Egypt,Spain,2011,skins_sheep_nes,241.0
10,93,Australia,Haiti,1986,skins_sheep_nes,39.0
165,212,Pakistan,Syrian Arab Republic,1989,skins_sheep_nes,1.0
10,97,Australia,Hungary,1994,skins_sheep_nes,18.0
143,223,Morocco,Türkiye,2013,skins_sheep_nes,909.0
143,223,Morocco,Türkiye,2014,skins_sheep_nes,106.44
143,223,Morocco,Türkiye,2015,skins_sheep_nes,101.23
10,99,Australia,Iceland,1997,skins_sheep_nes,40.0
10,99,Australia,Iceland,2006,skins_sheep_nes,12.0
105,223,Israel,Türkiye,2002,skins_sheep_nes,10.0
105,223,Israel,Türkiye,2003,skins_sheep_nes,117.0
105,223,Israel,Türkiye,2004,skins_sheep_nes,85.0
105,223,Israel,Türkiye,2005,skins_sheep_nes,179.0
105,223,Israel,Türkiye,2006,skins_sheep_nes,314.0
105,223,Israel,Türkiye,2007,skins_sheep_nes,120.0
210,67,Sweden,Finland,1990,skins_sheep_nes,28.0
210,67,Sweden,Finland,1994,skins_sheep_nes,39.0
156,100,New Zealand,India,1986,skins_sheep_nes,4.0
156,100,New Zealand,India,1987,skins_sheep_nes,21.0
156,100,New Zealand,India,1988,skins_sheep_nes,113.0
156,100,New Zealand,India,1989,skins_sheep_nes,113.0
156,100,New Zealand,India,1990,skins_sheep_nes,991.0
156,100,New Zealand,India,1991,skins_sheep_nes,1993.0
156,100,New Zealand,India,1992,skins_sheep_nes,1906.0
156,100,New Zealand,India,1993,skins_sheep_nes,1303.0
156,100,New Zealand,India,1994,skins_sheep_nes,873.0
156,100,New Zealand,India,1995,skins_sheep_nes,863.0
156,100,New Zealand,India,1996,skins_sheep_nes,237.0
156,100,New Zealand,India,1997,skins_sheep_nes,163.0
156,100,New Zealand,India,1998,skins_sheep_nes,355.0
156,100,New Zealand,India,1999,skins_sheep_nes,629.0
156,100,New Zealand,India,2000,skins_sheep_nes,493.0
156,100,New Zealand,India,2001,skins_sheep_nes,190.0
156,100,New Zealand,India,2002,skins_sheep_nes,283.0
156,100,New Zealand,India,2003,skins_sheep_nes,182.0
156,100,New Zealand,India,2004,skins_sheep_nes,533.0
156,100,New Zealand,India,2005,skins_sheep_nes,1077.0
156,100,New Zealand,India,2006,skins_sheep_nes,1364.0
156,100,New Zealand,India,2008,skins_sheep_nes,3902.0
156,100,New Zealand,India,2009,skins_sheep_nes,3233.0
156,100,New Zealand,India,2010,skins_sheep_nes,5355.0
156,100,New Zealand,India,2011,skins_sheep_nes,2176.0
156,100,New Zealand,India,2012,skins_sheep_nes,955.0
156,100,New Zealand,India,2013,skins_sheep_nes,847.0
156,100,New Zealand,India,2014,skins_sheep_nes,1495.41
156,100,New Zealand,India,2015,skins_sheep_nes,2719.8
156,100,New Zealand,India,2016,skins_sheep_nes,2925.59
156,100,New Zealand,India,2017,skins_sheep_nes,1215.76
156,100,New Zealand,India,2018,skins_sheep_nes,1018.25
156,100,New Zealand,India,2019,skins_sheep_nes,1111.17
156,100,New Zealand,India,2020,skins_sheep_nes,414.29
156,100,New Zealand,India,2021,skins_sheep_nes,94.73
156,100,New Zealand,India,2022,skins_sheep_nes,87.18
156,100,New Zealand,India,2023,skins_sheep_nes,380.62
194,216,Saudi Arabia,Thailand,2020,skins_sheep_nes,23.0
15,174,Belgium-Luxembourg,Portugal,1986,skins_sheep_nes,19.0
15,117,Belgium-Luxembourg,Republic of Korea,1986,skins_sheep_nes,265.0
10,100,Australia,India,1989,skins_sheep_nes,25.0
10,100,Australia,India,1990,skins_sheep_nes,33.0
10,100,Australia,India,1991,skins_sheep_nes,16.0
10,100,Australia,India,1992,skins_sheep_nes,37.0
10,100,Australia,India,1993,skins_sheep_nes,61.0
10,100,Australia,India,1994,skins_sheep_nes,109.0
10,100,Australia,India,1995,skins_sheep_nes,110.0
10,100,Australia,India,1996,skins_sheep_nes,20.0
10,100,Australia,India,1998,skins_sheep_nes,1.0
10,100,Australia,India,1999,skins_sheep_nes,1.0
10,100,Australia,India,2002,skins_sheep_nes,3.0
10,100,Australia,India,2004,skins_sheep_nes,44.0
10,100,Australia,India,2005,skins_sheep_nes,233.0
10,100,Australia,India,2006,skins_sheep_nes,72.0
10,100,Australia,India,2017,skins_sheep_nes,14.3
156,101,New Zealand,Indonesia,1991,skins_sheep_nes,1.0
156,101,New Zealand,Indonesia,1992,skins_sheep_nes,128.0
156,101,New Zealand,Indonesia,1993,skins_sheep_nes,71.0
156,101,New Zealand,Indonesia,1994,skins_sheep_nes,57.0
156,101,New Zealand,Indonesia,1995,skins_sheep_nes,149.0
156,101,New Zealand,Indonesia,1996,skins_sheep_nes,239.0
156,101,New Zealand,Indonesia,1997,skins_sheep_nes,57.0
156,101,New Zealand,Indonesia,1998,skins_sheep_nes,11.0
156,101,New Zealand,Indonesia,1999,skins_sheep_nes,251.0
156,101,New Zealand,Indonesia,2000,skins_sheep_nes,367.0
156,101,New Zealand,Indonesia,2001,skins_sheep_nes,26.0
156,101,New Zealand,Indonesia,2005,skins_sheep_nes,90.0
156,101,New Zealand,Indonesia,2006,skins_sheep_nes,55.0
156,101,New Zealand,Indonesia,2008,skins_sheep_nes,14.0
156,101,New Zealand,Indonesia,2009,skins_sheep_nes,665.0
156,101,New Zealand,Indonesia,2010,skins_sheep_nes,89.0
156,101,New Zealand,Indonesia,2012,skins_sheep_nes,2.0
156,101,New Zealand,Indonesia,2018,skins_sheep_nes,55.42
156,101,New Zealand,Indonesia,2019,skins_sheep_nes,75.18
156,101,New Zealand,Indonesia,2020,skins_sheep_nes,33.31
156,101,New Zealand,Indonesia,2021,skins_sheep_nes,17.89
156,101,New Zealand,Indonesia,2022,skins_sheep_nes,51.75
99,231,Iceland,United States of America,2019,skins_sheep_nes,0.04
194,223,Saudi Arabia,Türkiye,1998,skins_sheep_nes,69.0
194,223,Saudi Arabia,Türkiye,2006,skins_sheep_nes,1.0
194,223,Saudi Arabia,Türkiye,2007,skins_sheep_nes,48.0
194,223,Saudi Arabia,Türkiye,2019,skins_sheep_nes,130.0
156,102,New Zealand,Iran (Islamic Republic of),1996,skins_sheep_nes,43.0
199,173,Slovakia,Poland,2003,skins_sheep_nes,3.0
59,223,Egypt,Türkiye,2011,skins_sheep_nes,55.0
59,223,Egypt,Türkiye,2013,skins_sheep_nes,2.0
194,225,Saudi Arabia,United Arab Emirates,2001,skins_sheep_nes,18.0
194,225,Saudi Arabia,United Arab Emirates,2006,skins_sheep_nes,225.0
194,225,Saudi Arabia,United Arab Emirates,2007,skins_sheep_nes,331.0
194,225,Saudi Arabia,United Arab Emirates,2013,skins_sheep_nes,105.0
194,225,Saudi Arabia,United Arab Emirates,2014,skins_sheep_nes,141.0
194,225,Saudi Arabia,United Arab Emirates,2015,skins_sheep_nes,241.0
194,225,Saudi Arabia,United Arab Emirates,2018,skins_sheep_nes,25.0
194,225,Saudi Arabia,United Arab Emirates,2019,skins_sheep_nes,46.0
194,225,Saudi Arabia,United Arab Emirates,2021,skins_sheep_nes,20.0
156,106,New Zealand,Italy,1986,skins_sheep_nes,9741.0
156,106,New Zealand,Italy,1987,skins_sheep_nes,6338.0
156,106,New Zealand,Italy,1988,skins_sheep_nes,7578.0
156,106,New Zealand,Italy,1989,skins_sheep_nes,7578.0
156,106,New Zealand,Italy,1990,skins_sheep_nes,4354.0
156,106,New Zealand,Italy,1991,skins_sheep_nes,6302.0
156,106,New Zealand,Italy,1992,skins_sheep_nes,3564.0
156,106,New Zealand,Italy,1993,skins_sheep_nes,5562.0
156,106,New Zealand,Italy,1994,skins_sheep_nes,4857.0
156,106,New Zealand,Italy,1995,skins_sheep_nes,3692.0
156,106,New Zealand,Italy,1996,skins_sheep_nes,4238.0
156,106,New Zealand,Italy,1997,skins_sheep_nes,2585.0
156,106,New Zealand,Italy,1998,skins_sheep_nes,2762.0
156,106,New Zealand,Italy,1999,skins_sheep_nes,3595.0
156,106,New Zealand,Italy,2000,skins_sheep_nes,5143.0
156,106,New Zealand,Italy,2001,skins_sheep_nes,2739.0
156,106,New Zealand,Italy,2002,skins_sheep_nes,1935.0
156,106,New Zealand,Italy,2003,skins_sheep_nes,2113.0
156,106,New Zealand,Italy,2004,skins_sheep_nes,4883.0
156,106,New Zealand,Italy,2005,skins_sheep_nes,4852.0
156,106,New Zealand,Italy,2006,skins_sheep_nes,9220.0
156,106,New Zealand,Italy,2008,skins_sheep_nes,4350.0
156,106,New Zealand,Italy,2009,skins_sheep_nes,4013.0
156,106,New Zealand,Italy,2010,skins_sheep_nes,5840.0
156,106,New Zealand,Italy,2011,skins_sheep_nes,2343.0
156,106,New Zealand,Italy,2012,skins_sheep_nes,1897.0
156,106,New Zealand,Italy,2013,skins_sheep_nes,1349.0
156,106,New Zealand,Italy,2014,skins_sheep_nes,1886.06
156,106,New Zealand,Italy,2015,skins_sheep_nes,2235.05
156,106,New Zealand,Italy,2016,skins_sheep_nes,1753.01
156,106,New Zealand,Italy,2017,skins_sheep_nes,1804.01
156,106,New Zealand,Italy,2018,skins_sheep_nes,1782.52
156,106,New Zealand,Italy,2019,skins_sheep_nes,1008.13
156,106,New Zealand,Italy,2020,skins_sheep_nes,837.39
156,106,New Zealand,Italy,2021,skins_sheep_nes,176.76
156,106,New Zealand,Italy,2022,skins_sheep_nes,253.94
156,106,New Zealand,Italy,2023,skins_sheep_nes,472.49
10,101,Australia,Indonesia,1990,skins_sheep_nes,15.0
10,101,Australia,Indonesia,1991,skins_sheep_nes,15.0
10,101,Australia,Indonesia,1992,skins_sheep_nes,12.0
10,101,Australia,Indonesia,1993,skins_sheep_nes,71.0
10,101,Australia,Indonesia,1994,skins_sheep_nes,162.0
10,101,Australia,Indonesia,1995,skins_sheep_nes,262.0
10,101,Australia,Indonesia,1996,skins_sheep_nes,172.0
10,101,Australia,Indonesia,1999,skins_sheep_nes,18.0
10,101,Australia,Indonesia,2000,skins_sheep_nes,54.0
10,101,Australia,Indonesia,2001,skins_sheep_nes,78.0
10,101,Australia,Indonesia,2002,skins_sheep_nes,24.0
10,101,Australia,Indonesia,2005,skins_sheep_nes,458.0
10,101,Australia,Indonesia,2006,skins_sheep_nes,1010.0
10,101,Australia,Indonesia,2007,skins_sheep_nes,113.0
10,101,Australia,Indonesia,2008,skins_sheep_nes,39.0
225,121,United Arab Emirates,Lebanon,2007,skins_sheep_nes,10.0
156,109,New Zealand,Jamaica,1998,skins_sheep_nes,105.0
156,109,New Zealand,Jamaica,2001,skins_sheep_nes,11.0
15,203,Belgium-Luxembourg,Spain,1986,skins_sheep_nes,5800.0
156,110,New Zealand,Japan,1986,skins_sheep_nes,48.0
156,110,New Zealand,Japan,1987,skins_sheep_nes,22.0
156,110,New Zealand,Japan,1988,skins_sheep_nes,30.0
156,110,New Zealand,Japan,1989,skins_sheep_nes,30.0
156,110,New Zealand,Japan,1990,skins_sheep_nes,76.0
156,110,New Zealand,Japan,1991,skins_sheep_nes,42.0
156,110,New Zealand,Japan,1992,skins_sheep_nes,18.0
156,110,New Zealand,Japan,1993,skins_sheep_nes,96.0
156,110,New Zealand,Japan,1994,skins_sheep_nes,44.0
156,110,New Zealand,Japan,1995,skins_sheep_nes,52.0
156,110,New Zealand,Japan,1996,skins_sheep_nes,7.0
156,110,New Zealand,Japan,1997,skins_sheep_nes,7.0
156,110,New Zealand,Japan,1998,skins_sheep_nes,213.0
156,110,New Zealand,Japan,1999,skins_sheep_nes,42.0
156,110,New Zealand,Japan,2000,skins_sheep_nes,68.0
156,110,New Zealand,Japan,2001,skins_sheep_nes,5.0
156,110,New Zealand,Japan,2004,skins_sheep_nes,13.0
156,110,New Zealand,Japan,2005,skins_sheep_nes,28.0
156,110,New Zealand,Japan,2006,skins_sheep_nes,6.0
156,110,New Zealand,Japan,2008,skins_sheep_nes,77.0
156,110,New Zealand,Japan,2013,skins_sheep_nes,1.0
156,110,New Zealand,Japan,2015,skins_sheep_nes,1.16
156,110,New Zealand,Japan,2017,skins_sheep_nes,5.2
156,110,New Zealand,Japan,2022,skins_sheep_nes,3.11
15,210,Belgium-Luxembourg,Sweden,1986,skins_sheep_nes,6.0
194,237,Saudi Arabia,Viet Nam,2018,skins_sheep_nes,26.5
59,231,Egypt,United States of America,2009,skins_sheep_nes,270.0
156,118,New Zealand,Kuwait,2000,skins_sheep_nes,17.0
10,106,Australia,Italy,1986,skins_sheep_nes,11.0
10,106,Australia,Italy,1987,skins_sheep_nes,133.0
10,106,Australia,Italy,1988,skins_sheep_nes,58.0
10,106,Australia,Italy,1989,skins_sheep_nes,133.0
10,106,Australia,Italy,1991,skins_sheep_nes,76.0
10,106,Australia,Italy,1992,skins_sheep_nes,42.0
10,106,Australia,Italy,1993,skins_sheep_nes,94.0
10,106,Australia,Italy,1994,skins_sheep_nes,331.0
10,106,Australia,Italy,1995,skins_sheep_nes,98.0
10,106,Australia,Italy,1996,skins_sheep_nes,38.0
10,106,Australia,Italy,1997,skins_sheep_nes,80.0
10,106,Australia,Italy,1998,skins_sheep_nes,77.0
10,106,Australia,Italy,2000,skins_sheep_nes,77.0
10,106,Australia,Italy,2001,skins_sheep_nes,46.0
10,106,Australia,Italy,2002,skins_sheep_nes,14.0
10,106,Australia,Italy,2003,skins_sheep_nes,59.0
10,106,Australia,Italy,2004,skins_sheep_nes,5.0
10,106,Australia,Italy,2006,skins_sheep_nes,1.0
10,106,Australia,Italy,2007,skins_sheep_nes,1000.0
10,106,Australia,Italy,2018,skins_sheep_nes,4.82
210,79,Sweden,Germany,1991,skins_sheep_nes,2.0
15,223,Belgium-Luxembourg,Türkiye,1986,skins_sheep_nes,256.0
156,131,New Zealand,Malaysia,1994,skins_sheep_nes,9.0
10,110,Australia,Japan,1988,skins_sheep_nes,106.0
10,110,Australia,Japan,1989,skins_sheep_nes,313.0
10,110,Australia,Japan,1990,skins_sheep_nes,20.0
10,110,Australia,Japan,1992,skins_sheep_nes,54.0
10,110,Australia,Japan,1993,skins_sheep_nes,128.0
10,110,Australia,Japan,1994,skins_sheep_nes,79.0
10,110,Australia,Japan,1995,skins_sheep_nes,92.0
10,110,Australia,Japan,1996,skins_sheep_nes,53.0
10,110,Australia,Japan,1997,skins_sheep_nes,5.0
10,110,Australia,Japan,1998,skins_sheep_nes,143.0
10,110,Australia,Japan,1999,skins_sheep_nes,56.0
10,110,Australia,Japan,2000,skins_sheep_nes,9.0
10,110,Australia,Japan,2002,skins_sheep_nes,32.0
10,110,Australia,Japan,2003,skins_sheep_nes,1.0
10,110,Australia,Japan,2014,skins_sheep_nes,2.8
15,229,Belgium-Luxembourg,United Kingdom of Great Britain and Northern Ireland,1986,skins_sheep_nes,5992.0
156,138,New Zealand,Mexico,1991,skins_sheep_nes,146.0
156,138,New Zealand,Mexico,1992,skins_sheep_nes,288.0
156,138,New Zealand,Mexico,1993,skins_sheep_nes,333.0
156,138,New Zealand,Mexico,1994,skins_sheep_nes,279.0
156,138,New Zealand,Mexico,1995,skins_sheep_nes,391.0
156,138,New Zealand,Mexico,1996,skins_sheep_nes,445.0
156,138,New Zealand,Mexico,1997,skins_sheep_nes,525.0
156,138,New Zealand,Mexico,1998,skins_sheep_nes,429.0
156,138,New Zealand,Mexico,1999,skins_sheep_nes,707.0
156,138,New Zealand,Mexico,2000,skins_sheep_nes,1000.0
156,138,New Zealand,Mexico,2001,skins_sheep_nes,704.0
156,138,New Zealand,Mexico,2002,skins_sheep_nes,790.0
156,138,New Zealand,Mexico,2003,skins_sheep_nes,533.0
156,138,New Zealand,Mexico,2004,skins_sheep_nes,623.0
156,138,New Zealand,Mexico,2005,skins_sheep_nes,339.0
156,138,New Zealand,Mexico,2006,skins_sheep_nes,39.0
156,138,New Zealand,Mexico,2007,skins_sheep_nes,1.0
156,138,New Zealand,Mexico,2008,skins_sheep_nes,58.0
156,138,New Zealand,Mexico,2009,skins_sheep_nes,19.0
156,138,New Zealand,Mexico,2010,skins_sheep_nes,41.0
156,138,New Zealand,Mexico,2011,skins_sheep_nes,20.0
156,143,New Zealand,Morocco,1988,skins_sheep_nes,14.0
156,143,New Zealand,Morocco,1989,skins_sheep_nes,14.0
156,143,New Zealand,Morocco,2012,skins_sheep_nes,69.0
156,143,New Zealand,Morocco,2013,skins_sheep_nes,61.0
156,143,New Zealand,Morocco,2014,skins_sheep_nes,43.39
156,143,New Zealand,Morocco,2015,skins_sheep_nes,65.71
225,159,United Arab Emirates,Nigeria,2008,skins_sheep_nes,13.0
211,79,Switzerland,Germany,1998,skins_sheep_nes,16.0
211,79,Switzerland,Germany,2016,skins_sheep_nes,0.2
15,231,Belgium-Luxembourg,United States of America,1986,skins_sheep_nes,4412.0
156,150,New Zealand,Netherlands (Kingdom of the),1986,skins_sheep_nes,1042.0
156,150,New Zealand,Netherlands (Kingdom of the),1987,skins_sheep_nes,961.0
156,150,New Zealand,Netherlands (Kingdom of the),1988,skins_sheep_nes,554.0
156,150,New Zealand,Netherlands (Kingdom of the),1989,skins_sheep_nes,554.0
156,150,New Zealand,Netherlands (Kingdom of the),1990,skins_sheep_nes,827.0
156,150,New Zealand,Netherlands (Kingdom of the),1991,skins_sheep_nes,636.0
156,150,New Zealand,Netherlands (Kingdom of the),1992,skins_sheep_nes,265.0
156,150,New Zealand,Netherlands (Kingdom of the),1993,skins_sheep_nes,39.0
156,150,New Zealand,Netherlands (Kingdom of the),2006,skins_sheep_nes,22.0
210,100,Sweden,India,1993,skins_sheep_nes,4.0
10,126,Australia,Lithuania,1996,skins_sheep_nes,88.0
10,126,Australia,Lithuania,1997,skins_sheep_nes,235.0
10,126,Australia,Lithuania,1998,skins_sheep_nes,120.0
10,126,Australia,Lithuania,1999,skins_sheep_nes,60.0
10,126,Australia,Lithuania,2001,skins_sheep_nes,9.0
10,126,Australia,Lithuania,2004,skins_sheep_nes,12.0
121,212,Lebanon,Syrian Arab Republic,2007,skins_sheep_nes,34.0
225,165,United Arab Emirates,Pakistan,2005,skins_sheep_nes,203.0
225,165,United Arab Emirates,Pakistan,2007,skins_sheep_nes,30.0
225,165,United Arab Emirates,Pakistan,2008,skins_sheep_nes,212.0
10,131,Australia,Malaysia,1993,skins_sheep_nes,54.0
10,131,Australia,Malaysia,1994,skins_sheep_nes,11.0
156,162,New Zealand,Norway,1995,skins_sheep_nes,6.0
156,165,New Zealand,Pakistan,1986,skins_sheep_nes,90.0
156,165,New Zealand,Pakistan,1987,skins_sheep_nes,130.0
156,165,New Zealand,Pakistan,1988,skins_sheep_nes,331.0
156,165,New Zealand,Pakistan,1989,skins_sheep_nes,331.0
156,165,New Zealand,Pakistan,1990,skins_sheep_nes,646.0
156,165,New Zealand,Pakistan,1991,skins_sheep_nes,258.0
156,165,New Zealand,Pakistan,1992,skins_sheep_nes,371.0
156,165,New Zealand,Pakistan,1993,skins_sheep_nes,243.0
156,165,New Zealand,Pakistan,1994,skins_sheep_nes,79.0
156,165,New Zealand,Pakistan,1995,skins_sheep_nes,199.0
156,165,New Zealand,Pakistan,1996,skins_sheep_nes,42.0
156,165,New Zealand,Pakistan,1997,skins_sheep_nes,1.0
156,165,New Zealand,Pakistan,1998,skins_sheep_nes,61.0
156,165,New Zealand,Pakistan,1999,skins_sheep_nes,22.0
156,165,New Zealand,Pakistan,2002,skins_sheep_nes,57.0
156,165,New Zealand,Pakistan,2005,skins_sheep_nes,114.0
156,165,New Zealand,Pakistan,2006,skins_sheep_nes,88.0
156,165,New Zealand,Pakistan,2008,skins_sheep_nes,37.0
156,165,New Zealand,Pakistan,2009,skins_sheep_nes,1756.0
156,165,New Zealand,Pakistan,2010,skins_sheep_nes,2985.0
156,165,New Zealand,Pakistan,2011,skins_sheep_nes,1110.0
156,165,New Zealand,Pakistan,2012,skins_sheep_nes,579.0
156,165,New Zealand,Pakistan,2013,skins_sheep_nes,432.0
156,165,New Zealand,Pakistan,2014,skins_sheep_nes,340.05
156,165,New Zealand,Pakistan,2015,skins_sheep_nes,610.43
156,165,New Zealand,Pakistan,2016,skins_sheep_nes,1140.17
156,165,New Zealand,Pakistan,2017,skins_sheep_nes,1069.42
156,165,New Zealand,Pakistan,2018,skins_sheep_nes,1696.74
156,165,New Zealand,Pakistan,2019,skins_sheep_nes,1474.74
156,165,New Zealand,Pakistan,2020,skins_sheep_nes,938.15
156,165,New Zealand,Pakistan,2021,skins_sheep_nes,212.37
156,165,New Zealand,Pakistan,2022,skins_sheep_nes,345.79
156,165,New Zealand,Pakistan,2023,skins_sheep_nes,542.65
211,100,Switzerland,India,2000,skins_sheep_nes,25.0
210,106,Sweden,Italy,1989,skins_sheep_nes,18.0
210,106,Sweden,Italy,1990,skins_sheep_nes,22.0
210,106,Sweden,Italy,1991,skins_sheep_nes,27.0
210,106,Sweden,Italy,1993,skins_sheep_nes,27.0
210,106,Sweden,Italy,1994,skins_sheep_nes,27.0
210,106,Sweden,Italy,2001,skins_sheep_nes,1.0
10,138,Australia,Mexico,1991,skins_sheep_nes,17.0
10,138,Australia,Mexico,1992,skins_sheep_nes,21.0
10,138,Australia,Mexico,1993,skins_sheep_nes,72.0
10,138,Australia,Mexico,1994,skins_sheep_nes,138.0
10,138,Australia,Mexico,1995,skins_sheep_nes,258.0
10,138,Australia,Mexico,1996,skins_sheep_nes,129.0
10,138,Australia,Mexico,1997,skins_sheep_nes,20.0
10,138,Australia,Mexico,1998,skins_sheep_nes,40.0
10,138,Australia,Mexico,1999,skins_sheep_nes,20.0
210,110,Sweden,Japan,1988,skins_sheep_nes,21.0
210,110,Sweden,Japan,1992,skins_sheep_nes,20.0
156,173,New Zealand,Poland,1996,skins_sheep_nes,5.0
156,173,New Zealand,Poland,1997,skins_sheep_nes,5.0
156,174,New Zealand,Portugal,1986,skins_sheep_nes,19.0
156,174,New Zealand,Portugal,1987,skins_sheep_nes,22.0
156,174,New Zealand,Portugal,1988,skins_sheep_nes,64.0
156,174,New Zealand,Portugal,1989,skins_sheep_nes,64.0
156,174,New Zealand,Portugal,1990,skins_sheep_nes,81.0
156,174,New Zealand,Portugal,1991,skins_sheep_nes,64.0
156,174,New Zealand,Portugal,1992,skins_sheep_nes,121.0
156,174,New Zealand,Portugal,1993,skins_sheep_nes,80.0
156,174,New Zealand,Portugal,1994,skins_sheep_nes,59.0
156,174,New Zealand,Portugal,1995,skins_sheep_nes,8.0
156,174,New Zealand,Portugal,1996,skins_sheep_nes,16.0
156,174,New Zealand,Portugal,1998,skins_sheep_nes,3.0
156,117,New Zealand,Republic of Korea,1986,skins_sheep_nes,265.0
156,117,New Zealand,Republic of Korea,1987,skins_sheep_nes,2322.0
156,117,New Zealand,Republic of Korea,1988,skins_sheep_nes,4375.0
156,117,New Zealand,Republic of Korea,1989,skins_sheep_nes,4375.0
156,117,New Zealand,Republic of Korea,1990,skins_sheep_nes,10269.0
156,117,New Zealand,Republic of Korea,1991,skins_sheep_nes,14401.0
156,117,New Zealand,Republic of Korea,1992,skins_sheep_nes,10962.0
156,117,New Zealand,Republic of Korea,1993,skins_sheep_nes,9602.0
156,117,New Zealand,Republic of Korea,1994,skins_sheep_nes,6864.0
156,117,New Zealand,Republic of Korea,1995,skins_sheep_nes,6705.0
156,117,New Zealand,Republic of Korea,1996,skins_sheep_nes,7435.0
156,117,New Zealand,Republic of Korea,1997,skins_sheep_nes,7976.0
156,117,New Zealand,Republic of Korea,1998,skins_sheep_nes,9467.0
156,117,New Zealand,Republic of Korea,1999,skins_sheep_nes,2524.0
156,117,New Zealand,Republic of Korea,2000,skins_sheep_nes,13225.0
156,117,New Zealand,Republic of Korea,2001,skins_sheep_nes,10562.0
156,117,New Zealand,Republic of Korea,2002,skins_sheep_nes,8814.0
156,117,New Zealand,Republic of Korea,2003,skins_sheep_nes,6696.0
156,117,New Zealand,Republic of Korea,2004,skins_sheep_nes,15436.0
156,117,New Zealand,Republic of Korea,2005,skins_sheep_nes,9123.0
156,117,New Zealand,Republic of Korea,2006,skins_sheep_nes,8800.0
156,117,New Zealand,Republic of Korea,2008,skins_sheep_nes,12536.0
156,117,New Zealand,Republic of Korea,2009,skins_sheep_nes,8111.0
156,117,New Zealand,Republic of Korea,2010,skins_sheep_nes,5309.0
156,117,New Zealand,Republic of Korea,2011,skins_sheep_nes,3225.0
156,117,New Zealand,Republic of Korea,2012,skins_sheep_nes,3509.0
156,117,New Zealand,Republic of Korea,2013,skins_sheep_nes,2255.0
156,117,New Zealand,Republic of Korea,2014,skins_sheep_nes,3387.72
156,117,New Zealand,Republic of Korea,2015,skins_sheep_nes,2633.54
156,117,New Zealand,Republic of Korea,2016,skins_sheep_nes,2058.18
156,117,New Zealand,Republic of Korea,2017,skins_sheep_nes,2757.59
156,117,New Zealand,Republic of Korea,2018,skins_sheep_nes,3110.38
156,117,New Zealand,Republic of Korea,2019,skins_sheep_nes,353.12
156,117,New Zealand,Republic of Korea,2023,skins_sheep_nes,0.96
156,185,New Zealand,Russian Federation,2017,skins_sheep_nes,2.14
156,185,New Zealand,Russian Federation,2018,skins_sheep_nes,22.6
10,150,Australia,Netherlands (Kingdom of the),1986,skins_sheep_nes,10.0
10,150,Australia,Netherlands (Kingdom of the),1990,skins_sheep_nes,20.0
10,150,Australia,Netherlands (Kingdom of the),1991,skins_sheep_nes,2.0
10,150,Australia,Netherlands (Kingdom of the),1992,skins_sheep_nes,16.0
10,150,Australia,Netherlands (Kingdom of the),1994,skins_sheep_nes,18.0
10,150,Australia,Netherlands (Kingdom of the),1995,skins_sheep_nes,20.0
10,150,Australia,Netherlands (Kingdom of the),1996,skins_sheep_nes,40.0
10,150,Australia,Netherlands (Kingdom of the),1997,skins_sheep_nes,112.0
185,223,Russian Federation,Türkiye,1998,skins_sheep_nes,8.0
185,223,Russian Federation,Türkiye,2001,skins_sheep_nes,188.0
185,223,Russian Federation,Türkiye,2002,skins_sheep_nes,151.0
10,153,Australia,New Caledonia,1993,skins_sheep_nes,16.0
211,106,Switzerland,Italy,2017,skins_sheep_nes,0.1
156,194,New Zealand,Saudi Arabia,1987,skins_sheep_nes,45.0
156,200,New Zealand,Singapore,1990,skins_sheep_nes,5.0
156,200,New Zealand,Singapore,1992,skins_sheep_nes,7.0
156,200,New Zealand,Singapore,2005,skins_sheep_nes,51.0
156,200,New Zealand,Singapore,2018,skins_sheep_nes,47.88
225,212,United Arab Emirates,Syrian Arab Republic,2005,skins_sheep_nes,56.0
10,156,Australia,New Zealand,1987,skins_sheep_nes,3.0
10,156,Australia,New Zealand,1988,skins_sheep_nes,50.0
10,156,Australia,New Zealand,1989,skins_sheep_nes,77.0
10,156,Australia,New Zealand,1990,skins_sheep_nes,66.0
10,156,Australia,New Zealand,1991,skins_sheep_nes,85.0
10,156,Australia,New Zealand,1992,skins_sheep_nes,333.0
10,156,Australia,New Zealand,1993,skins_sheep_nes,531.0
10,156,Australia,New Zealand,1994,skins_sheep_nes,486.0
10,156,Australia,New Zealand,1995,skins_sheep_nes,165.0
10,156,Australia,New Zealand,1996,skins_sheep_nes,119.0
10,156,Australia,New Zealand,1997,skins_sheep_nes,116.0
10,156,Australia,New Zealand,1998,skins_sheep_nes,56.0
10,156,Australia,New Zealand,2000,skins_sheep_nes,58.0
10,156,Australia,New Zealand,2001,skins_sheep_nes,168.0
10,156,Australia,New Zealand,2002,skins_sheep_nes,716.0
10,156,Australia,New Zealand,2003,skins_sheep_nes,83.0
10,156,Australia,New Zealand,2005,skins_sheep_nes,33.0
10,156,Australia,New Zealand,2006,skins_sheep_nes,131.0
10,156,Australia,New Zealand,2008,skins_sheep_nes,2.0
10,156,Australia,New Zealand,2022,skins_sheep_nes,1.7
10,156,Australia,New Zealand,2023,skins_sheep_nes,8.72
156,202,New Zealand,South Africa,2002,skins_sheep_nes,15.0
156,202,New Zealand,South Africa,2003,skins_sheep_nes,14.0
156,202,New Zealand,South Africa,2004,skins_sheep_nes,105.0
156,202,New Zealand,South Africa,2005,skins_sheep_nes,101.0
156,203,New Zealand,Spain,1986,skins_sheep_nes,5800.0
156,203,New Zealand,Spain,1987,skins_sheep_nes,7700.0
156,203,New Zealand,Spain,1988,skins_sheep_nes,7917.0
156,203,New Zealand,Spain,1989,skins_sheep_nes,7917.0
156,203,New Zealand,Spain,1990,skins_sheep_nes,971.0
156,203,New Zealand,Spain,1991,skins_sheep_nes,1082.0
156,203,New Zealand,Spain,1992,skins_sheep_nes,169.0
156,203,New Zealand,Spain,1993,skins_sheep_nes,279.0
156,203,New Zealand,Spain,1994,skins_sheep_nes,371.0
156,203,New Zealand,Spain,1995,skins_sheep_nes,60.0
156,203,New Zealand,Spain,1996,skins_sheep_nes,158.0
156,203,New Zealand,Spain,1997,skins_sheep_nes,178.0
156,203,New Zealand,Spain,2001,skins_sheep_nes,169.0
156,203,New Zealand,Spain,2002,skins_sheep_nes,48.0
156,203,New Zealand,Spain,2004,skins_sheep_nes,69.0
156,203,New Zealand,Spain,2005,skins_sheep_nes,43.0
156,203,New Zealand,Spain,2006,skins_sheep_nes,458.0
156,203,New Zealand,Spain,2008,skins_sheep_nes,118.0
156,203,New Zealand,Spain,2009,skins_sheep_nes,453.0
156,203,New Zealand,Spain,2010,skins_sheep_nes,371.0
156,203,New Zealand,Spain,2011,skins_sheep_nes,298.0
156,203,New Zealand,Spain,2012,skins_sheep_nes,155.0
156,203,New Zealand,Spain,2013,skins_sheep_nes,76.0
156,203,New Zealand,Spain,2014,skins_sheep_nes,18.99
156,203,New Zealand,Spain,2015,skins_sheep_nes,94.57
156,203,New Zealand,Spain,2016,skins_sheep_nes,42.12
156,203,New Zealand,Spain,2017,skins_sheep_nes,198.13
156,203,New Zealand,Spain,2018,skins_sheep_nes,101.15
156,203,New Zealand,Spain,2019,skins_sheep_nes,71.81
156,203,New Zealand,Spain,2020,skins_sheep_nes,149.84
156,203,New Zealand,Spain,2021,skins_sheep_nes,8.77
156,203,New Zealand,Spain,2022,skins_sheep_nes,4.36
156,203,New Zealand,Spain,2023,skins_sheep_nes,23.73
225,223,United Arab Emirates,Türkiye,2005,skins_sheep_nes,129.0
225,223,United Arab Emirates,Türkiye,2007,skins_sheep_nes,16.0
156,38,New Zealand,Sri Lanka,2023,skins_sheep_nes,35.0
10,165,Australia,Pakistan,1992,skins_sheep_nes,30.0
10,165,Australia,Pakistan,1993,skins_sheep_nes,19.0
10,165,Australia,Pakistan,1994,skins_sheep_nes,20.0
10,165,Australia,Pakistan,1995,skins_sheep_nes,3.0
10,165,Australia,Pakistan,1996,skins_sheep_nes,20.0
10,165,Australia,Pakistan,1997,skins_sheep_nes,6.0
10,165,Australia,Pakistan,2015,skins_sheep_nes,1.23
10,165,Australia,Pakistan,2022,skins_sheep_nes,19.7
156,210,New Zealand,Sweden,1986,skins_sheep_nes,6.0
156,210,New Zealand,Sweden,1995,skins_sheep_nes,12.0
210,156,Sweden,New Zealand,1993,skins_sheep_nes,21.0
156,211,New Zealand,Switzerland,1987,skins_sheep_nes,113.0
156,211,New Zealand,Switzerland,1991,skins_sheep_nes,19.0
156,211,New Zealand,Switzerland,1994,skins_sheep_nes,19.0
156,211,New Zealand,Switzerland,1996,skins_sheep_nes,20.0
156,211,New Zealand,Switzerland,1997,skins_sheep_nes,40.0
156,211,New Zealand,Switzerland,1999,skins_sheep_nes,5.0
156,211,New Zealand,Switzerland,2000,skins_sheep_nes,22.0
156,211,New Zealand,Switzerland,2018,skins_sheep_nes,16.58
10,168,Australia,Papua New Guinea,1998,skins_sheep_nes,1.0
156,216,New Zealand,Thailand,2005,skins_sheep_nes,8.0
156,216,New Zealand,Thailand,2006,skins_sheep_nes,51.0
156,216,New Zealand,Thailand,2009,skins_sheep_nes,6.0
156,216,New Zealand,Thailand,2010,skins_sheep_nes,22.0
156,218,New Zealand,Tokelau,1993,skins_sheep_nes,63.0
156,222,New Zealand,Tunisia,1998,skins_sheep_nes,19.0
10,173,Australia,Poland,1990,skins_sheep_nes,22.0
10,173,Australia,Poland,2003,skins_sheep_nes,20.0
10,173,Australia,Poland,2004,skins_sheep_nes,77.0
10,173,Australia,Poland,2005,skins_sheep_nes,8.0
10,173,Australia,Poland,2006,skins_sheep_nes,28.0
156,223,New Zealand,Türkiye,1986,skins_sheep_nes,256.0
156,223,New Zealand,Türkiye,1987,skins_sheep_nes,1255.0
156,223,New Zealand,Türkiye,1988,skins_sheep_nes,879.0
156,223,New Zealand,Türkiye,1989,skins_sheep_nes,879.0
156,223,New Zealand,Türkiye,1990,skins_sheep_nes,2636.0
156,223,New Zealand,Türkiye,1991,skins_sheep_nes,2206.0
156,223,New Zealand,Türkiye,1992,skins_sheep_nes,4558.0
156,223,New Zealand,Türkiye,1993,skins_sheep_nes,4173.0
156,223,New Zealand,Türkiye,1994,skins_sheep_nes,7339.0
156,223,New Zealand,Türkiye,1995,skins_sheep_nes,10144.0
156,223,New Zealand,Türkiye,1996,skins_sheep_nes,7937.0
156,223,New Zealand,Türkiye,1997,skins_sheep_nes,7008.0
156,223,New Zealand,Türkiye,1998,skins_sheep_nes,2101.0
156,223,New Zealand,Türkiye,1999,skins_sheep_nes,531.0
156,223,New Zealand,Türkiye,2000,skins_sheep_nes,838.0
156,223,New Zealand,Türkiye,2001,skins_sheep_nes,942.0
156,223,New Zealand,Türkiye,2002,skins_sheep_nes,1317.0
156,223,New Zealand,Türkiye,2003,skins_sheep_nes,405.0
156,223,New Zealand,Türkiye,2004,skins_sheep_nes,1788.0
156,223,New Zealand,Türkiye,2005,skins_sheep_nes,2627.0
156,223,New Zealand,Türkiye,2006,skins_sheep_nes,4221.0
156,223,New Zealand,Türkiye,2008,skins_sheep_nes,4123.0
156,223,New Zealand,Türkiye,2009,skins_sheep_nes,1108.0
156,223,New Zealand,Türkiye,2010,skins_sheep_nes,3856.0
156,223,New Zealand,Türkiye,2011,skins_sheep_nes,1347.0
156,223,New Zealand,Türkiye,2012,skins_sheep_nes,1996.0
156,223,New Zealand,Türkiye,2013,skins_sheep_nes,2161.0
156,223,New Zealand,Türkiye,2014,skins_sheep_nes,2496.14
156,223,New Zealand,Türkiye,2015,skins_sheep_nes,2967.94
156,223,New Zealand,Türkiye,2016,skins_sheep_nes,2192.74
156,223,New Zealand,Türkiye,2017,skins_sheep_nes,492.58
156,223,New Zealand,Türkiye,2018,skins_sheep_nes,1072.2
156,223,New Zealand,Türkiye,2019,skins_sheep_nes,1094.39
156,223,New Zealand,Türkiye,2020,skins_sheep_nes,1216.13
156,223,New Zealand,Türkiye,2021,skins_sheep_nes,160.69
156,223,New Zealand,Türkiye,2022,skins_sheep_nes,348.69
156,223,New Zealand,Türkiye,2023,skins_sheep_nes,1365.64
210,162,Sweden,Norway,1987,skins_sheep_nes,1.0
210,162,Sweden,Norway,1994,skins_sheep_nes,13.0
210,162,Sweden,Norway,1995,skins_sheep_nes,31.0
210,162,Sweden,Norway,2009,skins_sheep_nes,104.0
210,162,Sweden,Norway,2010,skins_sheep_nes,8.0
211,150,Switzerland,Netherlands (Kingdom of the),2011,skins_sheep_nes,2.0
10,117,Australia,Republic of Korea,1986,skins_sheep_nes,19.0
10,117,Australia,Republic of Korea,1987,skins_sheep_nes,23.0
10,117,Australia,Republic of Korea,1988,skins_sheep_nes,331.0
10,117,Australia,Republic of Korea,1989,skins_sheep_nes,619.0
10,117,Australia,Republic of Korea,1990,skins_sheep_nes,389.0
10,117,Australia,Republic of Korea,1991,skins_sheep_nes,206.0
10,117,Australia,Republic of Korea,1992,skins_sheep_nes,1155.0
10,117,Australia,Republic of Korea,1993,skins_sheep_nes,705.0
10,117,Australia,Republic of Korea,1994,skins_sheep_nes,557.0
10,117,Australia,Republic of Korea,1995,skins_sheep_nes,637.0
10,117,Australia,Republic of Korea,1996,skins_sheep_nes,131.0
10,117,Australia,Republic of Korea,1997,skins_sheep_nes,140.0
10,117,Australia,Republic of Korea,1998,skins_sheep_nes,252.0
10,117,Australia,Republic of Korea,2000,skins_sheep_nes,16.0
156,229,New Zealand,United Kingdom of Great Britain and Northern Ireland,1986,skins_sheep_nes,5992.0
156,229,New Zealand,United Kingdom of Great Britain and Northern Ireland,1987,skins_sheep_nes,6161.0
156,229,New Zealand,United Kingdom of Great Britain and Northern Ireland,1988,skins_sheep_nes,4165.0
156,229,New Zealand,United Kingdom of Great Britain and Northern Ireland,1989,skins_sheep_nes,4165.0
156,229,New Zealand,United Kingdom of Great Britain and Northern Ireland,1990,skins_sheep_nes,2686.0
156,229,New Zealand,United Kingdom of Great Britain and Northern Ireland,1991,skins_sheep_nes,2001.0
156,229,New Zealand,United Kingdom of Great Britain and Northern Ireland,1992,skins_sheep_nes,1293.0
156,229,New Zealand,United Kingdom of Great Britain and Northern Ireland,1993,skins_sheep_nes,1072.0
156,229,New Zealand,United Kingdom of Great Britain and Northern Ireland,1994,skins_sheep_nes,1282.0
156,229,New Zealand,United Kingdom of Great Britain and Northern Ireland,1995,skins_sheep_nes,1105.0
156,229,New Zealand,United Kingdom of Great Britain and Northern Ireland,1996,skins_sheep_nes,2092.0
156,229,New Zealand,United Kingdom of Great Britain and Northern Ireland,1997,skins_sheep_nes,2270.0
156,229,New Zealand,United Kingdom of Great Britain and Northern Ireland,1998,skins_sheep_nes,1359.0
156,229,New Zealand,United Kingdom of Great Britain and Northern Ireland,1999,skins_sheep_nes,1778.0
156,229,New Zealand,United Kingdom of Great Britain and Northern Ireland,2000,skins_sheep_nes,2541.0
156,229,New Zealand,United Kingdom of Great Britain and Northern Ireland,2001,skins_sheep_nes,1084.0
156,229,New Zealand,United Kingdom of Great Britain and Northern Ireland,2002,skins_sheep_nes,1060.0
156,229,New Zealand,United Kingdom of Great Britain and Northern Ireland,2003,skins_sheep_nes,990.0
156,229,New Zealand,United Kingdom of Great Britain and Northern Ireland,2004,skins_sheep_nes,2476.0
156,229,New Zealand,United Kingdom of Great Britain and Northern Ireland,2005,skins_sheep_nes,1990.0
156,229,New Zealand,United Kingdom of Great Britain and Northern Ireland,2006,skins_sheep_nes,2621.0
156,229,New Zealand,United Kingdom of Great Britain and Northern Ireland,2008,skins_sheep_nes,2966.0
156,229,New Zealand,United Kingdom of Great Britain and Northern Ireland,2009,skins_sheep_nes,744.0
156,229,New Zealand,United Kingdom of Great Britain and Northern Ireland,2010,skins_sheep_nes,1705.0
156,229,New Zealand,United Kingdom of Great Britain and Northern Ireland,2011,skins_sheep_nes,651.0
156,229,New Zealand,United Kingdom of Great Britain and Northern Ireland,2012,skins_sheep_nes,688.0
156,229,New Zealand,United Kingdom of Great Britain and Northern Ireland,2013,skins_sheep_nes,605.0
156,229,New Zealand,United Kingdom of Great Britain and Northern Ireland,2014,skins_sheep_nes,894.95
156,229,New Zealand,United Kingdom of Great Britain and Northern Ireland,2015,skins_sheep_nes,1187.28
156,229,New Zealand,United Kingdom of Great Britain and Northern Ireland,2016,skins_sheep_nes,1092.12
156,229,New Zealand,United Kingdom of Great Britain and Northern Ireland,2017,skins_sheep_nes,531.61
156,229,New Zealand,United Kingdom of Great Britain and Northern Ireland,2018,skins_sheep_nes,447.99
156,229,New Zealand,United Kingdom of Great Britain and Northern Ireland,2019,skins_sheep_nes,214.84
10,183,Australia,Romania,1993,skins_sheep_nes,20.0
10,185,Australia,Russian Federation,1992,skins_sheep_nes,42.0
10,185,Australia,Russian Federation,1997,skins_sheep_nes,26.0
10,185,Australia,Russian Federation,2001,skins_sheep_nes,38.0
10,185,Australia,Russian Federation,2006,skins_sheep_nes,134.0
210,173,Sweden,Poland,1995,skins_sheep_nes,2.0
10,194,Australia,Saudi Arabia,1994,skins_sheep_nes,14.0
210,117,Sweden,Republic of Korea,1990,skins_sheep_nes,42.0
210,117,Sweden,Republic of Korea,1991,skins_sheep_nes,60.0
156,231,New Zealand,United States of America,1986,skins_sheep_nes,4412.0
156,231,New Zealand,United States of America,1987,skins_sheep_nes,2619.0
156,231,New Zealand,United States of America,1988,skins_sheep_nes,2425.0
156,231,New Zealand,United States of America,1989,skins_sheep_nes,2425.0
156,231,New Zealand,United States of America,1990,skins_sheep_nes,1114.0
156,231,New Zealand,United States of America,1991,skins_sheep_nes,771.0
156,231,New Zealand,United States of America,1992,skins_sheep_nes,697.0
156,231,New Zealand,United States of America,1993,skins_sheep_nes,425.0
156,231,New Zealand,United States of America,1994,skins_sheep_nes,360.0
156,231,New Zealand,United States of America,1995,skins_sheep_nes,486.0
156,231,New Zealand,United States of America,1996,skins_sheep_nes,588.0
156,231,New Zealand,United States of America,1997,skins_sheep_nes,604.0
156,231,New Zealand,United States of America,1998,skins_sheep_nes,539.0
156,231,New Zealand,United States of America,1999,skins_sheep_nes,715.0
156,231,New Zealand,United States of America,2000,skins_sheep_nes,463.0
156,231,New Zealand,United States of America,2001,skins_sheep_nes,402.0
156,231,New Zealand,United States of America,2002,skins_sheep_nes,439.0
156,231,New Zealand,United States of America,2003,skins_sheep_nes,464.0
156,231,New Zealand,United States of America,2004,skins_sheep_nes,1014.0
156,231,New Zealand,United States of America,2005,skins_sheep_nes,163.0
156,231,New Zealand,United States of America,2006,skins_sheep_nes,17.0
156,231,New Zealand,United States of America,2008,skins_sheep_nes,39.0
156,231,New Zealand,United States of America,2010,skins_sheep_nes,42.0
156,234,New Zealand,Uruguay,1995,skins_sheep_nes,153.0
156,234,New Zealand,Uruguay,1996,skins_sheep_nes,16.0
156,234,New Zealand,Uruguay,1997,skins_sheep_nes,40.0
156,234,New Zealand,Uruguay,1998,skins_sheep_nes,42.0
156,234,New Zealand,Uruguay,1999,skins_sheep_nes,23.0
156,234,New Zealand,Uruguay,2004,skins_sheep_nes,16.0
10,200,Australia,Singapore,1990,skins_sheep_nes,15.0
10,200,Australia,Singapore,1992,skins_sheep_nes,48.0
10,200,Australia,Singapore,1993,skins_sheep_nes,36.0
10,200,Australia,Singapore,1994,skins_sheep_nes,124.0
10,200,Australia,Singapore,1995,skins_sheep_nes,4.0
10,200,Australia,Singapore,1996,skins_sheep_nes,1.0
10,200,Australia,Singapore,1997,skins_sheep_nes,1.0
10,200,Australia,Singapore,1998,skins_sheep_nes,1.0
10,200,Australia,Singapore,2004,skins_sheep_nes,20.0
10,200,Australia,Singapore,2005,skins_sheep_nes,7.0
10,200,Australia,Singapore,2006,skins_sheep_nes,23.0
156,237,New Zealand,Viet Nam,2005,skins_sheep_nes,8.0
156,237,New Zealand,Viet Nam,2006,skins_sheep_nes,1.0
156,237,New Zealand,Viet Nam,2019,skins_sheep_nes,0.85
10,202,Australia,South Africa,1989,skins_sheep_nes,16.0
10,202,Australia,South Africa,1992,skins_sheep_nes,483.0
10,202,Australia,South Africa,1993,skins_sheep_nes,230.0
10,202,Australia,South Africa,1994,skins_sheep_nes,265.0
10,202,Australia,South Africa,1995,skins_sheep_nes,20.0
10,202,Australia,South Africa,1998,skins_sheep_nes,30.0
10,202,Australia,South Africa,1999,skins_sheep_nes,46.0
10,202,Australia,South Africa,2000,skins_sheep_nes,20.0
10,202,Australia,South Africa,2002,skins_sheep_nes,9.0
10,202,Australia,South Africa,2005,skins_sheep_nes,30.0
10,203,Australia,Spain,1987,skins_sheep_nes,29.0
10,203,Australia,Spain,1988,skins_sheep_nes,231.0
10,203,Australia,Spain,1989,skins_sheep_nes,39.0
10,203,Australia,Spain,1990,skins_sheep_nes,19.0
10,203,Australia,Spain,1991,skins_sheep_nes,10.0
10,203,Australia,Spain,1992,skins_sheep_nes,217.0
10,203,Australia,Spain,1993,skins_sheep_nes,97.0
10,203,Australia,Spain,1994,skins_sheep_nes,62.0
10,203,Australia,Spain,1995,skins_sheep_nes,1.0
10,203,Australia,Spain,1996,skins_sheep_nes,47.0
10,203,Australia,Spain,1998,skins_sheep_nes,17.0
10,203,Australia,Spain,2016,skins_sheep_nes,20.3
210,203,Sweden,Spain,1989,skins_sheep_nes,23.0
10,210,Australia,Sweden,1987,skins_sheep_nes,8.0
10,210,Australia,Sweden,1988,skins_sheep_nes,19.0
10,210,Australia,Sweden,1998,skins_sheep_nes,161.0
10,210,Australia,Sweden,1999,skins_sheep_nes,80.0
10,210,Australia,Sweden,2003,skins_sheep_nes,18.0
10,211,Australia,Switzerland,1987,skins_sheep_nes,19.0
10,211,Australia,Switzerland,1988,skins_sheep_nes,89.0
10,211,Australia,Switzerland,1999,skins_sheep_nes,18.0
10,211,Australia,Switzerland,2000,skins_sheep_nes,9.0
10,211,Australia,Switzerland,2023,skins_sheep_nes,22.44
211,200,Switzerland,Singapore,2020,skins_sheep_nes,0.02
10,216,Australia,Thailand,1990,skins_sheep_nes,14.0
10,216,Australia,Thailand,1992,skins_sheep_nes,17.0
10,216,Australia,Thailand,1997,skins_sheep_nes,7.0
10,216,Australia,Thailand,1998,skins_sheep_nes,3.0
10,216,Australia,Thailand,1999,skins_sheep_nes,47.0
10,216,Australia,Thailand,2000,skins_sheep_nes,4.0
10,216,Australia,Thailand,2001,skins_sheep_nes,1.0
10,216,Australia,Thailand,2019,skins_sheep_nes,10.68
210,223,Sweden,Türkiye,1993,skins_sheep_nes,17.0
210,223,Sweden,Türkiye,1999,skins_sheep_nes,21.0
210,223,Sweden,Türkiye,2000,skins_sheep_nes,97.0
10,223,Australia,Türkiye,1987,skins_sheep_nes,30.0
10,223,Australia,Türkiye,1990,skins_sheep_nes,170.0
10,223,Australia,Türkiye,1991,skins_sheep_nes,63.0
10,223,Australia,Türkiye,1992,skins_sheep_nes,189.0
10,223,Australia,Türkiye,1993,skins_sheep_nes,637.0
10,223,Australia,Türkiye,1994,skins_sheep_nes,373.0
10,223,Australia,Türkiye,1995,skins_sheep_nes,158.0
10,223,Australia,Türkiye,1996,skins_sheep_nes,1141.0
10,223,Australia,Türkiye,1997,skins_sheep_nes,1405.0
10,223,Australia,Türkiye,1998,skins_sheep_nes,920.0
10,223,Australia,Türkiye,1999,skins_sheep_nes,437.0
10,223,Australia,Türkiye,2000,skins_sheep_nes,375.0
10,223,Australia,Türkiye,2001,skins_sheep_nes,206.0
10,223,Australia,Türkiye,2002,skins_sheep_nes,168.0
10,223,Australia,Türkiye,2003,skins_sheep_nes,896.0
10,223,Australia,Türkiye,2004,skins_sheep_nes,476.0
10,223,Australia,Türkiye,2005,skins_sheep_nes,48.0
10,223,Australia,Türkiye,2006,skins_sheep_nes,246.0
10,223,Australia,Türkiye,2014,skins_sheep_nes,129.5
10,223,Australia,Türkiye,2016,skins_sheep_nes,80.8
10,223,Australia,Türkiye,2017,skins_sheep_nes,291.93
10,223,Australia,Türkiye,2018,skins_sheep_nes,560.7
10,223,Australia,Türkiye,2019,skins_sheep_nes,64.63
10,223,Australia,Türkiye,2020,skins_sheep_nes,25.25
10,223,Australia,Türkiye,2021,skins_sheep_nes,2.96
10,226,Australia,Uganda,2006,skins_sheep_nes,11.0
10,225,Australia,United Arab Emirates,2000,skins_sheep_nes,18.0
10,225,Australia,United Arab Emirates,2001,skins_sheep_nes,1.0
210,229,Sweden,United Kingdom of Great Britain and Northern Ireland,1988,skins_sheep_nes,18.0
210,229,Sweden,United Kingdom of Great Britain and Northern Ireland,1994,skins_sheep_nes,21.0
10,229,Australia,United Kingdom of Great Britain and Northern Ireland,1988,skins_sheep_nes,3.0
10,229,Australia,United Kingdom of Great Britain and Northern Ireland,1989,skins_sheep_nes,55.0
10,229,Australia,United Kingdom of Great Britain and Northern Ireland,1990,skins_sheep_nes,38.0
10,229,Australia,United Kingdom of Great Britain and Northern Ireland,1991,skins_sheep_nes,102.0
10,229,Australia,United Kingdom of Great Britain and Northern Ireland,1992,skins_sheep_nes,88.0
10,229,Australia,United Kingdom of Great Britain and Northern Ireland,1993,skins_sheep_nes,182.0
10,229,Australia,United Kingdom of Great Britain and Northern Ireland,1994,skins_sheep_nes,187.0
10,229,Australia,United Kingdom of Great Britain and Northern Ireland,1995,skins_sheep_nes,130.0
10,229,Australia,United Kingdom of Great Britain and Northern Ireland,1996,skins_sheep_nes,239.0
10,229,Australia,United Kingdom of Great Britain and Northern Ireland,1997,skins_sheep_nes,180.0
10,229,Australia,United Kingdom of Great Britain and Northern Ireland,1999,skins_sheep_nes,30.0
10,229,Australia,United Kingdom of Great Britain and Northern Ireland,2000,skins_sheep_nes,54.0
10,229,Australia,United Kingdom of Great Britain and Northern Ireland,2001,skins_sheep_nes,5.0
10,229,Australia,United Kingdom of Great Britain and Northern Ireland,2002,skins_sheep_nes,140.0
10,229,Australia,United Kingdom of Great Britain and Northern Ireland,2003,skins_sheep_nes,329.0
10,229,Australia,United Kingdom of Great Britain and Northern Ireland,2004,skins_sheep_nes,86.0
10,229,Australia,United Kingdom of Great Britain and Northern Ireland,2023,skins_sheep_nes,0.22
210,231,Sweden,United States of America,1993,skins_sheep_nes,36.0
210,231,Sweden,United States of America,2001,skins_sheep_nes,1.0
10,231,Australia,United States of America,1986,skins_sheep_nes,39.0
10,231,Australia,United States of America,1987,skins_sheep_nes,14.0
10,231,Australia,United States of America,1989,skins_sheep_nes,36.0
10,231,Australia,United States of America,1991,skins_sheep_nes,3.0
10,231,Australia,United States of America,1992,skins_sheep_nes,70.0
10,231,Australia,United States of America,1993,skins_sheep_nes,33.0
10,231,Australia,United States of America,1994,skins_sheep_nes,151.0
10,231,Australia,United States of America,1995,skins_sheep_nes,112.0
10,231,Australia,United States of America,1996,skins_sheep_nes,132.0
10,231,Australia,United States of America,1997,skins_sheep_nes,22.0
10,231,Australia,United States of America,1998,skins_sheep_nes,9.0
10,231,Australia,United States of America,2002,skins_sheep_nes,28.0
10,231,Australia,United States of America,2003,skins_sheep_nes,44.0
10,231,Australia,United States of America,2007,skins_sheep_nes,2.0
210,248,Sweden,Yugoslav SFR,1989,skins_sheep_nes,1.0
10,234,Australia,Uruguay,1996,skins_sheep_nes,20.0
10,234,Australia,Uruguay,1998,skins_sheep_nes,20.0
10,234,Australia,Uruguay,1999,skins_sheep_nes,10.0
10,234,Australia,Uruguay,2000,skins_sheep_nes,20.0
10,234,Australia,Uruguay,2003,skins_sheep_nes,49.0
10,234,Australia,Uruguay,2004,skins_sheep_nes,26.0
10,234,Australia,Uruguay,2006,skins_sheep_nes,11.0
10,237,Australia,Viet Nam,1993,skins_sheep_nes,57.0
10,248,Australia,Yugoslav SFR,1990,skins_sheep_nes,67.0
10,248,Australia,Yugoslav SFR,1991,skins_sheep_nes,240.0
10,181,Australia,Zimbabwe,1999,skins_sheep_nes,1.0
